x,T_fe,T_1d,dT
0.0,100.0,100.0,0.0
0.0003749999999999998,99.7656,99.76100155984089,0.004598440159114148
0.0007499999999999996,99.5316,99.52375533407812,0.007844665921879823
0.0011249999999999995,99.2982,99.28825576224241,0.009944237757579799
0.0014999999999999994,99.0659,99.0544973248018,0.011402675198198153
0.0018749999999999993,98.8348,98.82247454303219,0.012325456967815285
0.002249999999999999,98.6052,98.59218197888899,0.013018021111008693
0.0026249999999999984,98.377,98.36361423487972,0.013385765120276005
0.0029999999999999983,98.1504,98.13676595393738,0.013634046062620087
0.0033749999999999982,97.9254,97.91163181929505,0.013768180704943234
0.003749999999999998,97.702,97.68820655436112,0.013793445638881963
0.0041249999999999985,97.4804,97.46648492259568,0.013915077404320186
0.004499999999999998,97.2604,97.24646172738791,0.013938272612094238
0.004874999999999997,97.042,97.02813181193402,0.013868188065984555
0.005249999999999998,96.8254,96.81149005911668,0.013909940883323202
0.005624999999999997,96.6105,96.59653139138487,0.013968608615130051
0.005999999999999997,96.3972,96.38325077063497,0.013949229365024962
0.006374999999999996,96.1856,96.1716431980927,0.0139568019072982
0.006749999999999996,95.9756,95.96170371419583,0.013896285804165132
0.007124999999999995,95.7673,95.75342739847818,0.013872601521825345
0.0074999999999999945,95.5607,95.54680936945398,0.013890630546015359
0.007874999999999995,95.3557,95.34184478450376,0.013855215496235473
0.008249999999999995,95.1524,95.13852883976068,0.01387116023931867
0.008624999999999996,94.9507,94.93685676999797,0.013843230002024143
0.008999999999999996,94.7507,94.73682384851728,0.013876151482719479
0.009374999999999996,94.5523,94.53842538703783,0.013874612962169408
0.009749999999999995,94.3555,94.34165673558661,0.013843264413395673
0.010124999999999995,94.1603,94.14651328238934,0.013786717610670962
0.010499999999999995,93.9668,93.9529904537624,0.013809546237609993
0.010874999999999996,93.7749,93.76108371400564,0.01381628599436624
0.011249999999999994,93.5846,93.57078856529606,0.013811434703939085
0.011624999999999995,93.3959,93.38210054758241,0.013799452417586622
0.011999999999999995,93.2088,93.19501523848064,0.0137847615193607
0.012374999999999995,93.0233,93.00952825317022,0.013771746829789322
0.012749999999999996,92.8394,92.82563524429146,0.013764755708535859
0.013124999999999996,92.6571,92.64333190184358,0.013768098156418773
0.013499999999999996,92.4764,92.4626139530836,0.013786046916393957
0.013874999999999995,92.2972,92.28347716242635,0.013722837573652669
0.014249999999999994,92.1197,92.1059173313451,0.013782668654897634
0.014624999999999994,91.9437,91.92993029827316,0.013769701726843664
0.014999999999999994,91.7692,91.7555119385064,0.013688061493596138
0.015374999999999995,91.5964,91.5826581641065,0.013741835893497978
0.015749999999999993,91.4251,91.41136492380527,0.013735076194734575
0.016124999999999994,91.2553,91.24162820290951,0.013671797090495375
0.016499999999999994,91.0871,91.07344402320705,0.013655976792961155
0.016874999999999994,90.9205,90.9068084428735,0.013691557126506382
0.017249999999999995,90.7554,90.7417175563798,0.01368244362019766
0.017624999999999995,90.5918,90.57816749440074,0.013632505599261435
0.017999999999999995,90.4298,90.41615442372425,0.01364557627574925
0.018374999999999996,90.2693,90.2556745471616,0.013625452838397223
0.018749999999999992,90.1104,90.09672410345833,0.01367589654167034
0.019124999999999993,89.9529,89.9392993672061,0.013600632793895784
0.019499999999999993,89.797,89.78339664875551,0.013603351244483974
0.019874999999999993,89.6426,89.62901229412941,0.013587705870591549
0.020249999999999994,89.4898,89.47614268493743,0.013657315062573616
0.020624999999999994,89.3384,89.32478423829112,0.013615761708877017
0.020999999999999994,89.1885,89.17493340671996,0.01356659328004639
0.021374999999999995,89.0402,89.0265866780882,0.013613321911805087
0.021749999999999995,88.8933,88.87974057551263,0.013559424487368688
0.022124999999999995,88.748,88.73439165728098,0.013608342719024336
0.022499999999999992,88.6041,88.59053651677134,0.013563483228665518
0.022874999999999993,88.4617,88.44817178237224,0.01352821762775136
0.023249999999999993,88.3209,88.30729411740371,0.013605882596280594
0.023624999999999993,88.1815,88.16790022003906,0.013599779960941305
0.023999999999999994,88.0435,88.0299868232274,0.013513176772590896
0.024374999999999994,87.9071,87.8935506946172,0.013549305382795751
0.024749999999999994,87.7721,87.75858863648044,0.013511363519555175
0.025124999999999995,87.6386,87.62509748563772,0.013502514362272677
0.0255,87.5066,87.49307411338408,0.013525886615923355
0.025875,87.376,87.36251542541567,0.01348457458433927
0.02625,87.2469,87.23341836175727,0.013481638242723193
0.026625,87.1193,87.10577989669056,0.013520103309431875
0.027,86.9931,86.97959703868315,0.013502961316845585
0.027375,86.8684,86.85486683031851,0.013533169681480217
0.027750000000000004,86.7451,86.73158634822673,0.013513651773266133
0.028125,86.6232,86.60975270301583,0.013447296984168133
0.028499999999999998,86.5028,86.48936303920419,0.013436960795800701
0.028874999999999998,86.3839,86.37041453515354,0.013485464846453965
0.029249999999999998,86.2664,86.25290440300287,0.013495596997131543
0.029625,86.1503,86.13682988860307,0.013470111396927109
0.03,86.0356,86.02218827145244,0.013411728547566781
0.030375,85.9224,85.90897686463276,0.013423135367233385
0.03075,85.8106,85.79719301474657,0.013406985253425319
0.031125,85.7003,85.68683410185473,0.013465898145270216
0.0315,85.5913,85.57789753941518,0.01340246058482819
0.031875,85.4838,85.47038077422224,0.013419225777766997
0.03225,85.3777,85.36428128634681,0.013418713653194914
0.032625,85.273,85.25959658907729,0.013403410922705916
0.033,85.1697,85.15632422886128,0.013375771138726122
0.033375,85.0679,85.05446178524815,0.013438214751843702
0.03375,84.9674,84.95400687083219,0.013393129167809548
0.034125,84.8683,84.85495713119673,0.013342868803277952
0.0345,84.7707,84.75731024485897,0.013389755141034243
0.034875,84.6744,84.66106392321558,0.01333607678442661
0.035250000000000004,84.5796,84.56621591048892,0.013384089511077946
0.035625000000000004,84.4861,84.47276398367441,0.013336016325581568
0.036000000000000004,84.3941,84.38070595248821,0.013394047511781082
0.036375000000000005,84.3034,84.29003965931602,0.013360340683973959
0.036750000000000005,84.2141,84.20076297916243,0.013337020837568048
0.037125000000000005,84.1262,84.11287381960113,0.01332618039886313
0.037500000000000006,84.0397,84.026370120726,0.013329879273996426
0.037875000000000006,83.9546,83.94124985510254,0.013350144897458449
0.038250000000000006,83.8708,83.8575110277207,0.01328897227929815
0.03862500000000001,83.7885,83.77515167594788,0.013348324052117277
0.03900000000000001,83.7075,83.69416986948296,0.013330130517033467
0.03937500000000001,83.6279,83.61456371031116,0.013336289688837155
0.03975000000000001,83.5496,83.5363313326595,0.013268667340497586
0.04012500000000001,83.4728,83.45947090295302,0.013329097046991478
0.04050000000000001,83.3973,83.38398061977188,0.01331938022812551
0.04087500000000001,83.3232,83.30985871380915,0.013341286190851065
0.04125000000000001,83.2504,83.23710344782921,0.013296552170785958
0.04162500000000001,83.179,83.16571311662722,0.013286883372785496
0.04200000000000001,83.109,83.09568604698904,0.013313953010950286
0.04237500000000001,83.0403,83.02702059765198,0.01327940234801872
0.04275000000000002,82.973,82.95971515926645,0.013284840733547298
0.04312500000000002,82.907,82.89376815435816,0.013231845641840323
0.04350000000000001,82.8424,82.82917803729114,0.013221962708854562
0.04387500000000001,82.7792,82.7659432942316,0.013256705768398547
0.04425000000000001,82.7173,82.70406244311235,0.013237556887645496
0.04462500000000001,82.6568,82.64353403359806,0.013265966401945661
0.04500000000000001,82.5976,82.58435664705141,0.013243352948592246
0.04537500000000001,82.5398,82.52652889649967,0.013271103500329673
0.045750000000000006,82.4833,82.47004942660233,0.013250573397669996
0.04612500000000001,82.4282,82.41491691361915,0.013283086380852183
0.046500000000000014,82.3744,82.36113006537943,0.013269934620566914
0.046875000000000014,82.3219,82.30868762125135,0.01321237874864778
0.04725000000000001,82.2708,82.25758835211282,0.013211647887175104
0.04762500000000001,82.2211,82.20783106032235,0.013268939677658409
0.04800000000000001,82.1726,82.15941457969109,0.013185420308914786
0.048375000000000015,82.1256,82.1123377754556,0.013262224544405399
0.048750000000000016,82.0798,82.06659954425112,0.013200455748886952
0.049125000000000016,82.0354,82.02219881408577,0.013201185914226699
0.049500000000000016,81.9923,81.9791345443154,0.013165455684600147
0.04987500000000002,81.9506,81.93740572561921,0.013194274380779802
0.05025000000000001,81.9102,81.8970113799761,0.013188620023896647
0.05062500000000001,81.8712,81.85795056064177,0.013249439358233417
0.05100000000000001,81.8334,81.82022235212642,0.013177647873575893
0.05137500000000001,81.797,81.78382587017349,0.013174129826509784
0.05175000000000001,81.762,81.74876026173877,0.013239738261233924
0.05212500000000001,81.7282,81.7150247049704,0.013175295029597578
0.05250000000000001,81.6958,81.68261840918979,0.013181590810219745
0.05287500000000001,81.6647,81.65154061487286,0.01315938512713899
0.053250000000000006,81.635,81.62179059363241,0.013209406367593601
0.053625000000000006,81.6066,81.59336764820092,0.013232351799075559
0.054000000000000006,81.5795,81.56627111241434,0.013228887585654547
0.05437500000000001,81.5537,81.54050035119636,0.013199648803649211
0.05475000000000001,81.5292,81.51605476054357,0.013145239456434865
0.05512500000000001,81.5061,81.49293376751135,0.01316623248865767
0.0555,81.4843,81.47113683020032,0.01316316979968235
0.055875,81.4638,81.4506634377438,0.013136562256207185
0.056249999999999994,81.4447,81.43151311029573,0.013186889704272176
0.056624999999999995,81.4268,81.41368539901941,0.013114600980586033
0.056999999999999995,81.4103,81.39717988607703,0.013120113922980181
0.057374999999999995,81.3952,81.38199618461991,0.013203815380094852
0.057749999999999996,81.3813,81.36813393877932,0.013166061220672987
0.058124999999999996,81.3688,81.35559282365824,0.013207176341751392
0.058499999999999996,81.3575,81.34437254532374,0.013127454676265415
0.058875,81.3476,81.33447284080002,0.013127159199981975
0.05925,81.3391,81.32589347806227,0.013206521937732418
0.059625,81.3318,81.31863425603132,0.013165743968684751
0.06,81.3258,81.31269500456881,0.013104995431191924
