range_MPa,mean_MPa,count
64.694285,77.409153,0.500000
2.018726,-0.700379,1.000000
2.872776,-1.565189,1.000000
113.899309,52.806641,0.500000
0.676293,119.844156,1.000000
4.142264,120.793927,1.000000
0.004010,39.472525,1.000000
113.698868,66.109251,1.000000
0.716199,132.943463,1.000000
0.279824,49.207928,1.000000
1.167787,32.912860,1.000000
1.529115,25.064035,1.000000
1.197655,26.577367,1.000000
117.757684,77.676897,1.000000
3.097611,137.991304,1.000000
0.663356,130.420968,1.000000
0.154098,123.152026,1.000000
0.359176,29.352686,1.000000
1.912087,121.902929,1.000000
2.090170,128.588992,1.000000
3.863579,129.312453,1.000000
1.635701,32.459768,1.000000
0.180296,24.929944,1.000000
111.568552,76.883245,1.000000
3.642536,38.308929,1.000000
0.868050,129.102092,1.000000
1.238207,10.037741,1.000000
121.808058,69.458704,1.000000
115.015570,54.572458,1.000000
146.151356,68.932665,0.500000
1.137582,-9.259032,1.000000
2.422167,-2.645291,1.000000
1.788852,80.156616,1.000000
118.705796,42.354974,1.000000
1.435033,-21.212133,1.000000
1.824096,-24.073908,1.000000
0.166494,61.622377,1.000000
0.413679,82.498570,1.000000
3.462030,82.376703,1.000000
1.714656,79.201325,1.000000
123.387837,25.138925,1.000000
1.134221,-46.371027,1.000000
1.470990,-48.862615,1.000000
1.395271,59.207770,1.000000
0.566145,62.178951,1.000000
0.131515,-31.185960,1.000000
119.121118,8.749534,1.000000
4.330956,-44.910984,1.000000
132.362660,7.238071,1.000000
1.160415,74.424999,1.000000
1.833837,5.152983,1.000000
0.717574,-5.252179,1.000000
0.062052,52.746969,1.000000
117.769072,16.837378,1.000000
1.171210,80.792720,1.000000
5.223742,82.127391,1.000000
2.555817,-25.110474,1.000000
118.708318,31.195531,1.000000
0.225090,-5.096927,1.000000
1.559218,-8.731083,1.000000
125.704329,52.399963,1.000000
1.483094,116.302049,1.000000
1.673195,4.006927,1.000000
2.614328,4.459005,1.000000
120.637597,62.713269,1.000000
3.813468,133.361818,1.000000
3.831356,132.741652,1.000000
0.688851,71.524246,1.000000
1.448965,27.103114,1.000000
3.230852,134.495642,1.000000
132.206495,71.409336,1.000000
0.215859,81.300025,1.000000
133.578740,73.574844,1.000000
202.690703,40.662991,0.500000
1.666449,144.337681,1.000000
0.031690,22.047767,1.000000
0.714664,132.503713,1.000000
1.151154,134.770692,1.000000
0.540093,97.807071,1.000000
121.325009,75.186163,1.000000
1.825874,8.768477,1.000000
2.193398,11.300883,1.000000
2.958149,119.108749,1.000000
2.647998,115.485138,1.000000
115.266038,62.981722,1.000000
2.311215,0.721136,1.000000
2.543351,-5.839689,1.000000
0.610685,-2.304930,1.000000
0.300507,89.138763,1.000000
0.027378,93.950284,1.000000
1.214338,82.106534,1.000000
105.678757,45.544139,1.000000
2.024484,-7.549514,1.000000
3.700119,-20.286518,1.000000
0.583443,-10.888069,1.000000
0.981792,71.391359,1.000000
8.037762,74.429103,1.000000
109.679252,26.896222,1.000000
1.022357,-29.674057,1.000000
0.600390,-45.535612,1.000000
2.231163,66.730343,1.000000
0.069393,72.292750,1.000000
119.679421,13.122006,1.000000
2.495358,-52.265628,1.000000
0.251932,-0.931604,1.000000
125.604914,5.205059,1.000000
0.960192,69.245142,1.000000
0.447179,-2.808713,1.000000
0.408280,64.650006,1.000000
123.237331,15.793687,1.000000
3.525230,76.736120,1.000000
1.938484,80.269924,1.000000
1.469951,72.499494,1.000000
0.507359,-16.163812,1.000000
117.444576,24.366421,1.000000
1.964815,97.785005,1.000000
1.354519,78.829982,1.000000
1.870620,-12.045424,1.000000
0.651451,-7.241233,1.000000
0.112730,94.910762,1.000000
113.977167,42.000677,1.000000
2.300667,110.938148,1.000000
1.994016,106.366404,1.000000
5.351190,28.318199,1.000000
4.289240,16.295523,1.000000
1.329115,61.884539,1.000000
117.250252,54.024925,1.000000
0.265912,131.358968,1.000000
0.197630,5.123613,1.000000
0.131105,118.512109,1.000000
130.550642,69.265699,1.000000
6.804294,133.037235,1.000000
0.721083,31.789156,1.000000
9.135308,27.669163,1.000000
120.902325,83.371205,1.000000
204.573471,44.381782,1.000000
2.816383,147.960981,1.000000
1.489026,44.878810,1.000000
1.303654,32.031811,1.000000
0.572467,22.210634,1.000000
1.759688,24.513608,1.000000
2.559336,138.735223,1.000000
120.081504,80.373987,1.000000
3.413983,20.621872,1.000000
4.315194,19.549650,1.000000
3.472517,18.844530,1.000000
1.761997,21.396376,1.000000
2.371605,121.155574,1.000000
110.689871,71.080809,1.000000
1.882986,0.568552,1.000000
1.573586,75.138185,1.000000
1.800070,85.721055,1.000000
115.082807,47.896217,1.000000
0.429417,-21.216850,1.000000
2.036237,-28.503937,1.000000
1.932953,-23.638372,1.000000
130.819068,34.031872,1.000000
3.301838,-35.640954,1.000000
2.451983,80.888027,1.000000
1.530815,69.294121,1.000000
123.307375,23.021165,1.000000
1.758031,-52.622187,1.000000
2.596045,-52.948879,1.000000
2.520154,68.597686,1.000000
3.437110,73.125770,1.000000
132.082851,10.644119,1.000000
1.132281,-47.971616,1.000000
131.098329,12.061682,1.000000
0.826303,-38.092155,1.000000
0.831574,-33.380842,1.000000
0.472240,-20.985370,1.000000
133.233654,26.152895,1.000000
0.106094,93.165939,1.000000
3.503250,-8.331037,1.000000
2.801915,6.991459,1.000000
115.622079,38.736819,1.000000
0.720356,81.789060,1.000000
2.610253,-7.365827,1.000000
1.558939,4.795441,1.000000
2.159047,8.485827,1.000000
1.354154,108.532857,1.000000
120.909773,50.076003,1.000000
1.113792,25.377572,1.000000
1.306767,18.848010,1.000000
5.387138,16.908592,1.000000
113.103279,70.757220,1.000000
2.704721,136.163182,1.000000
1.601775,135.905960,1.000000
1.661270,26.569166,1.000000
2.985487,25.107855,1.000000
2.314832,31.198347,1.000000
3.013066,132.911918,1.000000
115.630434,80.890609,1.000000
1.035546,135.294269,1.000000
4.291326,128.036243,1.000000
1.145693,117.388763,1.000000
4.659267,134.846876,1.000000
128.858871,73.451770,1.000000
6.622624,12.279101,1.000000
1.097897,41.459008,1.000000
2.252955,117.822917,1.000000
125.458574,71.290529,1.000000
0.421954,7.432630,1.000000
2.204671,99.420724,1.000000
4.872861,99.530654,1.000000
1.010979,107.230000,1.000000
114.530342,52.824597,1.000000
4.289830,-8.248675,1.000000
1.037754,-4.280635,1.000000
4.030869,-2.422933,1.000000
11.957406,85.437804,1.000000
109.680685,44.126785,1.000000
0.169172,-31.724658,1.000000
1.033630,76.993046,1.000000
0.707676,-27.770398,1.000000
0.485157,-29.982416,1.000000
0.707047,-32.730814,1.000000
0.032781,-26.812123,1.000000
108.500164,21.158553,1.000000
117.096666,24.081988,1.000000
0.460552,-44.338114,1.000000
0.745203,-31.292710,1.000000
3.501117,57.672254,1.000000
4.068669,64.604368,1.000000
112.569867,10.932868,1.000000
1.858105,-45.171020,1.000000
0.041122,64.706684,1.000000
5.107613,-6.372927,1.000000
2.373734,-38.481847,1.000000
126.222859,21.309083,1.000000
1.093326,86.776034,1.000000
2.477193,-7.793614,1.000000
116.746883,31.445945,1.000000
1.058701,105.942386,1.000000
3.569050,68.409136,1.000000
2.476288,37.779204,1.000000
128.199238,47.066764,1.000000
3.199598,124.635670,1.000000
0.123881,105.280347,1.000000
0.213313,96.078065,1.000000
3.095071,6.663584,1.000000
0.613422,16.484731,1.000000
0.638635,21.443968,1.000000
123.971754,64.479550,1.000000
3.520857,129.357226,1.000000
0.791143,124.361246,1.000000
1.546025,24.006267,1.000000
4.510441,23.661629,1.000000
2.956118,25.007975,1.000000
0.149007,125.652777,1.000000
3.702065,125.753511,1.000000
111.010692,76.884265,1.000000
3.002949,123.083416,1.000000
0.989033,22.220739,1.000000
0.178136,25.041096,1.000000
3.798931,23.544427,1.000000
118.180999,77.920111,1.000000
192.235899,43.395210,1.000000
1.638547,144.185684,1.000000
1.167921,130.572458,1.000000
0.468721,122.673167,1.000000
3.874485,13.470510,1.000000
0.182470,127.934918,1.000000
120.943379,70.156021,1.000000
3.065937,8.845425,1.000000
118.368224,66.216593,1.000000
4.394203,-7.123161,1.000000
0.084171,30.358249,1.000000
0.482018,-17.798881,1.000000
127.551100,43.071332,1.000000
0.472671,-29.318243,1.000000
4.030052,68.978989,1.000000
0.263271,90.356068,1.000000
1.871855,-19.521731,1.000000
2.778024,-21.422914,1.000000
126.798988,32.088697,1.000000
4.558513,-13.630500,1.000000
1.979181,67.895671,1.000000
1.656980,60.966950,1.000000
122.300090,15.353731,1.000000
0.439694,-53.630557,1.000000
1.276542,73.084201,1.000000
2.037313,66.147452,1.000000
0.792195,64.073614,1.000000
1.328977,-38.212641,1.000000
3.013504,-38.787089,1.000000
1.463355,-43.032432,1.000000
119.037200,15.453488,1.000000
1.661404,80.182030,1.000000
0.984380,-4.942374,1.000000
1.917450,-38.750127,1.000000
1.942971,70.296952,1.000000
134.465803,16.173202,1.000000
0.241895,77.417059,1.000000
1.441663,-23.097901,1.000000
0.030373,79.400441,1.000000
124.245590,22.704177,1.000000
1.517455,95.629378,1.000000
1.014638,91.515640,1.000000
0.489436,-11.273976,1.000000
0.484827,-12.141916,1.000000
2.392191,-4.390930,1.000000
1.499859,78.254402,1.000000
117.394566,40.545228,1.000000
0.903383,14.261835,1.000000
1.695789,10.571480,1.000000
0.504753,6.599646,1.000000
0.116475,5.669848,1.000000
2.390219,11.942239,1.000000
0.337087,26.814151,1.000000
117.176685,62.570700,1.000000
4.334746,16.900787,1.000000
1.614848,22.224440,1.000000
121.313394,74.130309,1.000000
1.903287,142.898797,1.000000
0.137857,55.337546,1.000000
0.020965,118.687126,1.000000
1.894345,130.050836,1.000000
0.954936,27.645270,1.000000
125.594271,75.100020,1.000000
0.403144,126.184982,1.000000
0.963435,24.374422,1.000000
3.484277,14.366277,1.000000
0.482464,38.180081,1.000000
109.753002,63.679192,1.000000
134.690497,73.347020,1.000000
2.045574,-2.028016,1.000000
4.686386,10.242012,1.000000
5.331212,109.509010,1.000000
1.453629,4.246221,1.000000
119.550263,53.953267,1.000000
0.264118,-25.938592,1.000000
0.645561,89.278338,1.000000
132.408030,37.075680,1.000000
2.467585,-39.950469,1.000000
3.089752,-8.763007,1.000000
1.192989,79.709492,1.000000
126.117163,19.663097,1.000000
0.002085,-45.763967,1.000000
198.633546,45.426280,1.000000
0.866742,66.845522,1.000000
0.480476,-21.081658,1.000000
1.609207,-33.453959,1.000000
0.609418,-46.335439,1.000000
2.237761,39.658520,1.000000
120.773238,12.738166,1.000000
129.230523,11.498678,1.000000
2.848297,73.345633,1.000000
1.983358,67.728051,1.000000
3.637123,-26.851456,1.000000
0.409712,-31.044995,1.000000
5.255872,-30.268651,1.000000
114.827271,19.009379,1.000000
2.178220,82.020288,1.000000
0.089373,-1.807467,1.000000
2.172010,-14.868363,1.000000
117.080457,35.447449,1.000000
0.920240,106.007355,1.000000
0.621189,98.306372,1.000000
0.105108,0.468494,1.000000
111.249285,52.793808,1.000000
2.614908,126.020912,1.000000
3.129363,23.820722,1.000000
1.980285,21.237340,1.000000
2.334920,46.114636,1.000000
0.868627,123.910606,1.000000
118.364878,72.026700,1.000000
200.522147,45.562750,1.000000
3.655785,21.819938,1.000000
1.282934,25.733087,1.000000
3.364501,136.032920,1.000000
2.100012,125.693962,1.000000
6.411006,33.369238,1.000000
0.441775,25.231030,1.000000
0.862349,30.104153,1.000000
0.483223,129.264369,1.000000
7.479993,127.695577,1.000000
111.896423,77.654155,1.000000
121.273128,80.508109,1.000000
4.378723,5.594459,1.000000
2.130186,15.105136,1.000000
0.727672,20.401535,1.000000
134.896401,66.757864,1.000000
2.425660,2.251044,1.000000
0.266403,109.283667,1.000000
0.369111,108.318275,1.000000
118.260144,52.368888,1.000000
1.688392,-13.615126,1.000000
0.763717,94.046223,1.000000
2.124937,91.680982,1.000000
3.131315,-24.554336,1.000000
124.977054,35.143122,1.000000
0.374853,-32.667941,1.000000
1.754256,80.909897,1.000000
1.657241,-29.964107,1.000000
115.432760,24.264120,1.000000
0.359932,-37.331343,1.000000
3.573319,-38.504258,1.000000
3.758865,31.777301,1.000000
2.463523,60.110605,1.000000
116.794114,18.009554,1.000000
203.612330,44.137967,1.000000
0.085101,45.794487,1.000000
0.729036,63.467851,1.000000
0.725796,57.843821,1.000000
3.298480,57.463970,1.000000
0.531758,-28.696964,1.000000
139.596858,10.611480,1.000000
0.503675,74.227675,1.000000
4.268667,76.737983,1.000000
128.346380,17.394181,1.000000
1.390082,87.295474,1.000000
1.083099,85.561181,1.000000
0.197686,46.884544,1.000000
2.884377,-27.627296,1.000000
117.934757,29.443139,1.000000
0.124604,97.733465,1.000000
7.446176,99.584696,1.000000
119.399783,48.306062,1.000000
7.453145,110.865872,1.000000
0.226954,115.195221,1.000000
1.624780,5.276157,1.000000
3.947702,5.212258,1.000000
116.664747,59.538895,1.000000
4.320808,125.758260,1.000000
0.984166,44.521835,1.000000
2.584135,22.666802,1.000000
2.002987,26.472563,1.000000
0.016007,130.250295,1.000000
1.578629,133.779598,1.000000
115.997342,78.086178,1.000000
1.567815,23.885330,1.000000
8.344958,113.455580,1.000000
126.468473,79.120360,1.000000
0.175119,144.521809,1.000000
0.787832,139.309844,1.000000
0.917872,21.107797,1.000000
4.262004,33.098988,1.000000
4.915763,124.508607,1.000000
2.380371,127.530356,1.000000
0.961665,132.320100,1.000000
114.306664,77.396479,1.000000
1.965962,2.011656,1.000000
0.095152,13.754015,1.000000
0.952927,72.738324,1.000000
0.542787,105.356209,1.000000
121.253809,61.115550,1.000000
1.182808,-12.212107,1.000000
0.790788,6.376240,1.000000
1.075024,91.065132,1.000000
113.390615,42.289460,1.000000
3.038841,-20.602355,1.000000
0.600201,77.030736,1.000000
2.078318,82.960750,1.000000
108.944979,29.699177,1.000000
1.400820,-43.495569,1.000000
1.995828,-42.225106,1.000000
4.100280,70.335188,1.000000
1.609526,71.944976,1.000000
0.362426,-14.828952,1.000000
0.967839,-20.639300,1.000000
119.965573,15.591297,1.000000
0.348605,-55.023386,1.000000
2.000926,69.764614,1.000000
0.921598,49.884484,1.000000
2.731548,49.042832,1.000000
0.380263,46.211272,1.000000
6.987629,-42.969063,1.000000
3.170228,-46.170884,1.000000
0.274330,-41.304399,1.000000
121.983004,13.079356,1.000000
1.611192,65.543061,1.000000
0.941600,-37.583503,1.000000
0.987998,26.141232,1.000000
131.037109,10.226829,1.000000
0.632378,-24.164470,1.000000
0.399913,74.755104,1.000000
110.811575,30.850666,1.000000
0.680083,97.842926,1.000000
1.083885,85.608051,1.000000
0.946300,54.600412,1.000000
1.081890,-22.559019,1.000000
0.810815,-11.576113,1.000000
123.720492,36.592777,1.000000
0.173659,100.158192,1.000000
0.463838,113.446874,1.000000
2.518011,78.324111,1.000000
123.229793,53.059472,1.000000
0.320121,126.944231,1.000000
7.918503,124.796187,1.000000
1.675321,12.711027,1.000000
3.201271,14.779502,1.000000
119.628520,69.341584,1.000000
1.485196,19.330464,1.000000
127.430183,80.324715,1.000000
1.414199,144.112031,1.000000
1.361654,134.930791,1.000000
2.272460,22.753267,1.000000
3.829891,138.603585,1.000000
121.741468,81.140071,1.000000
1.282613,16.667843,1.000000
1.502089,12.562637,1.000000
0.995884,45.463751,1.000000
1.721075,108.395165,1.000000
0.794951,114.676285,1.000000
107.810751,65.707985,1.000000
0.474344,-7.156388,1.000000
3.367176,98.313121,1.000000
0.025333,105.567652,1.000000
116.814983,47.460709,1.000000
1.336728,-22.423287,1.000000
0.646494,-24.117980,1.000000
1.090357,-32.153125,1.000000
2.335767,86.491262,1.000000
1.814174,86.576123,1.000000
3.232530,-29.299451,1.000000
2.491090,-30.421199,1.000000
0.326813,65.710447,1.000000
1.522863,28.151384,1.000000
1.120862,17.973546,1.000000
112.380055,23.170267,1.000000
123.794548,28.822081,1.000000
4.382559,-46.998253,1.000000
4.373822,-46.027475,1.000000
0.739539,23.396957,1.000000
2.447033,26.589540,1.000000
2.352567,66.461436,1.000000
1.936607,-41.475312,1.000000
4.310088,-41.528162,1.000000
0.344826,-26.881755,1.000000
0.083737,-9.464347,1.000000
118.862937,13.107517,1.000000
126.090263,13.596290,1.000000
0.730540,-25.558201,1.000000
2.011181,69.896073,1.000000
0.257233,-1.195465,1.000000
0.395464,-28.945686,1.000000
3.077927,-29.408656,1.000000
113.572813,25.264044,1.000000
1.352300,81.375039,1.000000
5.998862,80.231124,1.000000
4.496295,10.820141,1.000000
1.887081,-24.229114,1.000000
112.970166,30.677067,1.000000
0.130818,110.690014,1.000000
0.649918,110.685626,1.000000
3.213811,112.213993,1.000000
2.291257,3.914718,1.000000
1.078863,22.016840,1.000000
117.062186,56.496008,1.000000
3.940611,22.906134,1.000000
1.600058,54.970895,1.000000
122.128251,68.937485,1.000000
0.034669,138.118727,1.000000
0.751831,18.288069,1.000000
4.403611,121.508223,1.000000
127.551791,77.438950,1.000000
201.521695,44.874971,1.000000
1.907788,12.156406,1.000000
0.954847,24.392614,1.000000
3.604253,129.727203,1.000000
0.227204,131.211712,1.000000
129.814758,69.665324,1.000000
1.775454,2.140088,1.000000
1.543590,96.295473,1.000000
134.525151,64.858456,1.000000
3.142760,1.057650,1.000000
1.234095,6.984725,1.000000
0.351727,86.068305,1.000000
0.653696,98.930472,1.000000
1.040038,111.917962,1.000000
122.607707,55.687070,1.000000
4.806322,-1.594823,1.000000
3.595230,89.263966,1.000000
0.302698,-15.885990,1.000000
125.126405,40.120444,1.000000
0.777416,-33.551679,1.000000
4.771363,-23.844907,1.000000
0.183357,68.277969,1.000000
123.827741,20.827679,1.000000
1.496276,-41.953723,1.000000
2.474252,66.577020,1.000000
113.249496,12.353866,1.000000
2.543678,-46.024590,1.000000
1.944483,-48.990303,1.000000
1.153244,67.259398,1.000000
0.261516,58.441910,1.000000
1.944450,-45.054791,1.000000
2.199219,-46.848903,1.000000
120.011318,11.026073,1.000000
4.038499,-22.037213,1.000000
0.130499,8.938625,1.000000
118.239296,19.650167,1.000000
0.321410,83.470507,1.000000
4.739479,88.981677,1.000000
2.059981,57.425769,1.000000
2.281487,-32.588431,1.000000
127.310637,28.149077,1.000000
0.589434,11.800045,1.000000
0.085865,-1.554947,1.000000
1.531449,-11.728259,1.000000
0.776552,41.584692,1.000000
121.306796,47.037954,1.000000
1.666600,1.426411,1.000000
3.283200,113.144309,1.000000
124.057190,59.266452,1.000000
2.299762,135.091056,1.000000
1.306302,118.523513,1.000000
0.306173,109.833874,1.000000
0.256253,10.323177,1.000000
130.268996,73.557042,1.000000
3.729943,137.326564,1.000000
1.919783,132.704291,1.000000
0.665818,20.544957,1.000000
2.564054,30.315419,1.000000
121.279373,78.719492,1.000000
2.704430,135.752001,1.000000
1.566363,123.797504,1.000000
1.125070,124.541867,1.000000
0.970338,123.582951,1.000000
115.206946,73.178613,1.000000
0.911335,7.620906,1.000000
133.436554,64.201310,1.000000
1.258822,85.087427,1.000000
0.947828,92.590791,1.000000
0.455344,94.782405,1.000000
0.698960,31.318472,1.000000
114.603586,43.117605,1.000000
0.416629,-24.558789,1.000000
6.752589,-17.182170,1.000000
0.056905,86.980176,1.000000
112.855886,31.124233,1.000000
4.151700,-26.142181,1.000000
0.421562,-34.826610,1.000000
2.087300,64.136698,1.000000
114.215010,21.577087,1.000000
0.288664,-44.415665,1.000000
2.059978,-47.343718,1.000000
1.647964,-29.947553,1.000000
0.364474,-41.008443,1.000000
122.036667,12.359608,1.000000
195.712149,45.589219,1.000000
2.017441,-33.827493,1.000000
2.002307,63.236687,1.000000
1.232858,-44.140135,1.000000
1.555259,-43.395980,1.000000
2.531182,66.787415,1.000000
123.164434,12.148144,1.000000
2.295863,74.439998,1.000000
2.988505,77.884476,1.000000
1.901763,-29.126753,1.000000
113.250897,24.909479,1.000000
6.369690,88.383726,1.000000
2.080712,-20.656253,1.000000
117.323012,36.515632,1.000000
1.970116,108.339912,1.000000
1.552720,10.397390,1.000000
0.946844,4.725986,1.000000
0.924567,13.964742,1.000000
105.315972,56.847823,1.000000
0.977406,119.840743,1.000000
0.971789,134.233243,1.000000
0.171773,22.098904,1.000000
1.044499,106.584975,1.000000
0.023006,133.968207,1.000000
119.015745,75.788535,1.000000
0.661478,131.005576,1.000000
0.948127,34.236383,1.000000
2.754819,24.070686,1.000000
119.880083,77.609767,1.000000
0.279419,140.221099,1.000000
2.887717,22.742296,1.000000
1.503524,20.115966,1.000000
0.199858,129.265425,1.000000
2.442178,134.416630,1.000000
117.657508,77.639383,1.000000
119.945418,64.575108,1.000000
0.933429,4.656809,1.000000
1.775787,-4.759510,1.000000
0.330788,86.944620,1.000000
2.634233,115.507506,1.000000
125.515990,54.916459,1.000000
0.410265,82.887326,1.000000
2.178039,84.132758,1.000000
2.410556,82.784368,1.000000
0.551606,43.139367,1.000000
1.388456,-25.960302,1.000000
115.788702,29.857788,1.000000
5.006432,-28.760499,1.000000
0.775592,-34.017628,1.000000
1.155194,75.697858,1.000000
1.083442,74.943475,1.000000
114.607640,22.700207,1.000000
0.164643,-50.372368,1.000000
0.775356,-53.539257,1.000000
199.602336,42.717638,1.000000
206.443970,44.467290,1.000000
1.831947,40.855759,1.000000
0.422851,73.130621,1.000000
4.321279,52.291523,1.000000
1.504567,-14.090887,1.000000
1.689896,-42.493767,1.000000
1.512985,-25.194865,1.000000
0.721021,71.457968,1.000000
6.986231,-46.470502,1.000000
0.358350,57.023813,1.000000
123.349749,11.415422,1.000000
129.130812,11.999428,1.000000
0.876083,79.581675,1.000000
0.652176,75.643602,1.000000
0.463762,1.065702,1.000000
1.047853,-15.064021,1.000000
0.302149,-18.091378,1.000000
1.263780,-21.899643,1.000000
109.791609,26.733463,1.000000
1.108536,93.111265,1.000000
1.011310,81.605672,1.000000
0.889545,-12.984163,1.000000
1.073984,-20.038754,1.000000
123.657795,38.878226,1.000000
4.448689,104.279559,1.000000
3.400405,104.761292,1.000000
0.239054,-1.641209,1.000000
2.807798,0.950241,1.000000
0.792197,107.002200,1.000000
112.292329,54.141096,1.000000
3.622883,127.992637,1.000000
123.639974,68.110287,1.000000
2.348803,142.028541,1.000000
0.361211,142.934246,1.000000
2.903926,89.048024,1.000000
1.114929,125.502764,1.000000
1.004756,128.805817,1.000000
1.044470,140.726008,1.000000
0.813246,23.183897,1.000000
0.511422,37.875427,1.000000
2.714634,130.566524,1.000000
4.822133,130.924431,1.000000
119.810061,78.534547,1.000000
0.265566,19.570027,1.000000
2.664524,21.842428,1.000000
1.624961,121.317196,1.000000
0.155869,19.997429,1.000000
118.570885,75.549676,1.000000
126.813799,78.583114,1.000000
0.623807,9.323793,1.000000
2.537513,15.664523,1.000000
1.399666,105.954480,1.000000
3.140110,106.183387,1.000000
116.014593,53.459952,1.000000
0.324927,-13.259155,1.000000
4.232449,-12.535623,1.000000
1.729959,-14.874330,1.000000
3.327040,89.341669,1.000000
1.282758,86.890007,1.000000
107.259741,37.387714,1.000000
6.601253,78.003840,1.000000
1.665806,-10.867468,1.000000
116.085037,24.196041,1.000000
133.790444,11.648451,1.000000
0.945578,60.663129,1.000000
0.642262,61.606877,1.000000
1.842806,54.842119,1.000000
0.384834,-33.462956,1.000000
120.350667,4.852627,1.000000
0.719363,46.182724,1.000000
0.016909,61.391818,1.000000
1.534443,60.983529,1.000000
5.867209,62.713916,1.000000
119.358282,10.029235,1.000000
1.700542,89.169388,1.000000
0.518673,-15.669016,1.000000
3.192717,-21.985833,1.000000
0.339596,-9.283378,1.000000
123.625290,36.137657,1.000000
0.977610,113.133907,1.000000
1.133828,-10.095835,1.000000
2.660239,110.476788,1.000000
133.040072,47.219694,1.000000
0.939966,18.237236,1.000000
6.706967,17.352700,1.000000
5.037067,8.284160,1.000000
1.207443,108.081400,1.000000
118.315400,63.258822,1.000000
0.443853,137.385653,1.000000
2.104726,136.741286,1.000000
1.055248,55.232424,1.000000
1.683521,10.600402,1.000000
2.369920,136.332919,1.000000
132.021533,75.192002,1.000000
0.591123,143.353375,1.000000
1.049014,21.015722,1.000000
1.926329,131.604637,1.000000
0.254508,82.993051,1.000000
122.013508,78.223795,1.000000
0.159901,15.476271,1.000000
2.679505,108.091717,1.000000
2.097384,112.102440,1.000000
122.116219,73.495371,1.000000
0.895535,9.963624,1.000000
1.584902,5.678205,1.000000
1.167019,90.332960,1.000000
5.148015,118.215865,1.000000
0.116342,112.567684,1.000000
127.522441,58.091983,1.000000
1.882426,78.729693,1.000000
126.347380,48.161668,1.000000
0.207850,-30.400594,1.000000
3.082877,79.394551,1.000000
0.057052,83.910374,1.000000
1.644525,84.482626,1.000000
123.588936,25.335357,1.000000
0.196316,-37.289455,1.000000
1.634648,70.938637,1.000000
3.641743,70.082412,1.000000
113.660807,15.607288,1.000000
3.816256,-46.119299,1.000000
1.326345,35.681536,1.000000
1.404535,-46.209988,1.000000
1.613911,61.130220,1.000000
118.923194,9.838323,1.000000
0.632690,74.061757,1.000000
1.923980,-34.063114,1.000000
5.232508,-33.832097,1.000000
0.661956,-27.053842,1.000000
114.847414,17.338841,1.000000
0.034053,61.640894,1.000000
0.188376,0.923624,1.000000
3.424111,-5.377951,1.000000
119.701868,32.261397,1.000000
3.740639,97.325661,1.000000
0.402492,90.678475,1.000000
2.051007,-9.929174,1.000000
2.229167,-9.897713,1.000000
4.440128,69.182599,1.000000
113.116371,44.608670,1.000000
0.115523,118.158951,1.000000
1.579525,118.177707,1.000000
0.643012,76.334382,1.000000
5.121489,8.412068,1.000000
1.034569,16.510529,1.000000
2.233634,111.383125,1.000000
120.486382,59.502502,1.000000
1.018775,22.070569,1.000000
0.663826,35.886416,1.000000
126.744362,66.990674,1.000000
196.862768,46.992859,1.000000
0.046190,116.098808,1.000000
1.513580,18.362523,1.000000
2.233669,17.473582,1.000000
3.519449,142.787465,1.000000
1.784985,140.884750,1.000000
0.539047,25.501476,1.000000
2.063777,25.088328,1.000000
0.536425,122.213829,1.000000
0.800626,136.759108,1.000000
119.620877,82.250032,1.000000
3.722040,22.479932,1.000000
0.291759,71.523887,1.000000
2.313908,121.128625,1.000000
1.244396,43.618782,1.000000
113.172967,67.840075,1.000000
133.774791,77.803567,1.000000
0.129292,-9.556071,1.000000
0.491734,19.420496,1.000000
125.437816,52.239843,1.000000
3.664500,-24.572573,1.000000
0.289369,-20.196248,1.000000
4.766628,70.541149,1.000000
129.178308,37.084128,1.000000
0.061500,-42.157582,1.000000
0.536955,75.725122,1.000000
3.028840,-32.469155,1.000000
123.024571,16.476593,1.000000
0.248743,0.278466,1.000000
132.219619,19.648008,1.000000
0.934864,-48.235163,1.000000
4.078578,-49.508770,1.000000
4.175580,-51.472209,1.000000
1.342614,66.740022,1.000000
1.094147,-8.654061,1.000000
3.088787,-40.014175,1.000000
6.414636,-37.730892,1.000000
2.411334,-17.221470,1.000000
0.387973,-11.432811,1.000000
5.045655,-13.272996,1.000000
119.926197,14.407111,1.000000
4.204603,-36.064180,1.000000
0.310344,-35.530415,1.000000
128.220443,20.769018,1.000000
2.669858,93.662155,1.000000
1.052482,62.533607,1.000000
4.085301,-17.309428,1.000000
124.885570,32.611331,1.000000
2.151167,5.134760,1.000000
5.417327,5.943780,1.000000
115.290365,59.410772,1.000000
0.082729,119.047182,1.000000
0.488029,106.303133,1.000000
0.231906,30.953061,1.000000
2.102277,16.861355,1.000000
0.615393,12.019334,1.000000
123.093077,70.800499,1.000000
0.435571,137.384055,1.000000
4.215128,124.980413,1.000000
4.755589,38.890789,1.000000
2.458968,24.193049,1.000000
0.313887,132.937218,1.000000
2.494979,135.862123,1.000000
122.678347,78.420768,1.000000
2.508141,118.292477,1.000000
1.962485,33.397366,1.000000
0.727611,65.668668,1.000000
2.158724,137.511013,1.000000
2.475997,114.887032,1.000000
129.773992,74.084453,1.000000
0.935901,10.574729,1.000000
0.458856,18.643544,1.000000
0.297882,118.635861,1.000000
122.137302,69.371044,1.000000
3.266854,0.676910,1.000000
2.193918,2.745160,1.000000
0.106488,100.054351,1.000000
113.844250,54.391479,1.000000
1.296436,-18.063784,1.000000
0.631433,41.135217,1.000000
1.339794,95.958318,1.000000
0.279822,80.503700,1.000000
122.957050,41.434069,1.000000
2.312471,-24.812443,1.000000
0.310483,-16.926130,1.000000
0.079744,70.603883,1.000000
2.613528,72.584979,1.000000
4.232725,72.326565,1.000000
109.547703,27.070307,1.000000
2.909250,-40.334174,1.000000
0.262921,61.073128,1.000000
8.953413,60.759465,1.000000
4.436529,5.424276,1.000000
114.696356,11.978625,1.000000
0.537332,-28.281358,1.000000
1.713568,56.871771,1.000000
3.158401,26.288592,1.000000
1.949948,-38.826359,1.000000
1.130019,-41.061267,1.000000
113.849910,11.513286,1.000000
3.708902,60.206712,1.000000
2.734769,-35.274092,1.000000
2.275723,82.183134,1.000000
122.852176,24.365034,1.000000
0.032826,74.759083,1.000000
0.091216,9.001626,1.000000
3.330815,-24.208484,1.000000
0.486337,-19.131117,1.000000
0.282754,-7.768583,1.000000
1.958401,63.454802,1.000000
114.387537,29.468294,1.000000
4.231827,101.041468,1.000000
1.164104,-0.389588,1.000000
7.558843,5.075896,1.000000
115.826051,49.267713,1.000000
1.522733,15.380288,1.000000
1.133095,5.387603,1.000000
122.534721,64.858868,1.000000
0.864544,19.906185,1.000000
128.939745,74.211871,1.000000
194.258894,43.994513,1.000000
0.017881,143.201519,1.000000
201.415852,44.968060,1.000000
2.320872,143.477893,1.000000
0.602084,29.548423,1.000000
5.640529,22.449890,1.000000
0.246072,136.294376,1.000000
0.535185,40.497067,1.000000
0.530374,131.916123,1.000000
122.520902,77.072448,1.000000
125.260650,76.340225,1.000000
132.602821,58.591133,1.000000
1.294915,-4.753960,1.000000
2.996127,90.913505,1.000000
6.084686,95.423590,1.000000
4.314977,91.899811,1.000000
115.451894,41.827560,1.000000
1.632270,-29.074269,1.000000
2.499734,-25.445562,1.000000
5.733585,82.810095,1.000000
0.865960,85.249734,1.000000
0.963802,-13.916606,1.000000
1.603712,-29.265217,1.000000
119.490641,27.215411,1.000000
3.009187,-34.984320,1.000000
1.650345,-37.010560,1.000000
0.731153,-20.516481,1.000000
1.555789,68.704336,1.000000
0.016552,66.724404,1.000000
112.563861,16.982504,1.000000
0.736309,-13.179798,1.000000
0.095134,70.358459,1.000000
2.604898,-44.072511,1.000000
5.433745,-42.138964,1.000000
0.776652,67.877214,1.000000
2.813328,69.958811,1.000000
0.730741,-7.967184,1.000000
116.088146,13.626266,1.000000
3.549880,70.190329,1.000000
119.502234,12.476348,1.000000
0.523434,81.552923,1.000000
0.838730,-28.401869,1.000000
1.345914,25.484372,1.000000
117.936106,25.034855,1.000000
6.212495,76.553081,1.000000
0.295978,-14.202677,1.000000
117.732012,38.798320,1.000000
0.015210,107.981155,1.000000
0.260983,93.236798,1.000000
1.008020,7.433783,1.000000
111.431080,57.688027,1.000000
1.541970,131.943556,1.000000
1.604786,128.078815,1.000000
1.155603,22.105119,1.000000
3.238965,132.301141,1.000000
124.370865,72.657912,1.000000
0.979067,141.064240,1.000000
3.006473,19.213855,1.000000
0.885853,115.133005,1.000000
1.037393,134.037775,1.000000
0.450610,23.081136,1.000000
117.516182,79.978158,1.000000
3.518440,135.371829,1.000000
1.779188,125.437495,1.000000
4.405944,113.538669,1.000000
122.729345,78.917625,1.000000
0.731740,15.337904,1.000000
1.671356,9.624778,1.000000
3.519725,106.077892,1.000000
1.747060,112.607218,1.000000
2.236268,111.508785,1.000000
110.955187,61.502343,1.000000
3.040810,95.589202,1.000000
0.346471,-14.503875,1.000000
140.538751,51.061940,1.000000
0.353929,-24.987658,1.000000
0.037493,81.558274,1.000000
1.359108,81.405849,1.000000
1.107446,80.680775,1.000000
0.906170,-15.219352,1.000000
111.386769,30.116453,1.000000
0.655015,-30.036375,1.000000
0.997206,81.377965,1.000000
121.938690,24.260071,1.000000
196.415453,45.755863,1.000000
1.581753,-51.636788,1.000000
1.990000,-45.341001,1.000000
3.517183,5.770357,1.000000
0.910897,66.408898,1.000000
0.019595,57.762933,1.000000
0.757695,-43.301405,1.000000
3.870343,-44.255311,1.000000
1.012789,60.507681,1.000000
4.649340,58.861002,1.000000
0.523265,62.622057,1.000000
0.187521,64.728551,1.000000
0.307492,-13.533900,1.000000
0.377485,-28.056586,1.000000
0.194976,-47.561388,1.000000
115.771411,7.992473,1.000000
2.390320,-50.193208,1.000000
0.455506,15.364970,1.000000
118.396073,7.687942,1.000000
1.160095,-5.365305,1.000000
1.254407,-21.373100,1.000000
0.555696,-28.122301,1.000000
3.084355,-35.669097,1.000000
122.244482,23.339927,1.000000
1.728887,94.978144,1.000000
3.497799,96.216680,1.000000
2.093205,40.451690,1.000000
1.077354,34.789413,1.000000
0.109710,-22.474261,1.000000
214.150422,46.392850,0.500000
214.046447,46.444838,0.500000
211.377631,45.110430,0.500000
210.180125,45.709183,0.500000
205.993274,43.615758,0.500000
203.359065,44.932862,0.500000
202.708744,44.607702,0.500000
201.368062,45.278043,0.500000
155.888475,22.538250,0.500000
127.923045,36.520965,0.500000
68.148424,6.633654,0.500000
