t,R,size,fillet_div,elements,nodes,mass_kg,sigma_fillet_MPa,sigma_fixed_edge_MPa,sigma_global_max_MPa,SF,deflection_mm,reaction_z_N,equilibrium_err,solve_s
5.0,2.0,6.0,6,15332,27175,0.34859297066150324,405.2676572930678,107.59499312847838,405.2676572930678,0.8759643006579305,1.939018924731182,600.0,0.0,2.1839280128479004
5.0,4.0,6.0,6,23570,38427,0.34960374531190136,341.28098827773425,85.66891026950093,341.28098827773425,1.040198581794721,1.8778209677419357,600.0,0.0,5.132679224014282
5.0,6.0,6.0,6,18984,31303,0.3512883697292313,312.4583728365036,66.52564867163642,312.4583728365036,1.1361513432247075,1.8096996774193552,600.0,0.0,4.075160980224609
5.0,8.0,6.0,6,15953,27116,0.3536468439134934,292.2358556961168,53.20555783778609,292.2358556961168,1.214772222780044,1.738467741935484,600.0,0.0,2.9328930377960205
5.0,10.0,6.0,6,13739,24075,0.35667916786468734,276.2189522658384,47.48158580671043,276.2189522658384,1.2852123183000896,1.6657099999999998,600.0,0.0,2.241691827774048
6.0,2.0,6.0,6,16162,28286,0.4182441798171108,297.94721153102813,69.22336451002218,297.94721153102813,1.1914862306507286,1.1429744086021505,600.0,0.0,2.617619037628174
6.0,4.0,6.0,6,23991,38855,0.4192549544675087,247.56616394554413,65.80055390063231,247.56616394554413,1.4339600951206222,1.1074756989247314,600.0,0.0,6.039362907409668
6.0,6.0,6.0,6,19275,31479,0.42093957888483874,221.90210269444924,49.50737220520289,221.90210269444924,1.5998045790887412,1.0692145161290323,600.0,0.0,4.436609983444214
6.0,8.0,6.0,6,16871,28105,0.4232980530691009,205.76510393691657,42.903345101751725,205.76510393691657,1.7252682462077527,1.0289397849462365,600.0,0.0,3.85237717628479
6.0,10.0,6.0,6,14769,25158,0.42633037702029497,193.43270627601967,38.54288508856092,193.43270627601967,1.8352635747825972,0.9877805483870966,600.0,0.0,2.823761224746704
7.0,2.0,6.0,6,16922,29412,0.4878953889727182,228.6856131248851,50.64378359532695,228.6856131248851,1.5523495122805766,0.7327885252525254,600.0,0.0,3.184335231781006
7.0,4.0,6.0,6,24677,39827,0.48890616362311623,187.5680057344119,49.37485625913383,187.5680057344119,1.89264687551599,0.7106691515151513,600.0,0.0,6.568025827407837
7.0,6.0,6.0,6,19936,32447,0.49059078804044626,167.69258828742315,38.75857982643016,167.69258828742315,2.116968934795938,0.6869658080808082,600.0,0.0,5.190658092498779
7.0,8.0,6.0,6,17685,29153,0.4929492622247083,154.41785077042508,34.018006787435496,154.41785077042508,2.2989570067762624,0.6621006363636364,600.0,0.0,4.274331092834473
7.0,10.0,6.0,6,15780,26492,0.4959815861759025,145.55084313528414,31.630599562872884,145.55084313528414,2.439010261658468,0.6366428585858586,600.0,0.0,3.726392984390259
8.0,2.0,6.0,6,18169,31136,0.5575465981283259,182.84244177455352,39.924730563838644,182.84244177455352,1.9415623449052293,0.4998177878787879,600.0,0.0,3.661655902862549
8.0,4.0,6.0,6,25261,40684,0.5585573727787237,147.80592392636493,35.92658906869771,147.80592392636493,2.4017981862273436,0.4850064343434343,600.0,0.0,8.11636996269226
8.0,6.0,6.0,6,20659,33435,0.5602419971960536,131.4287273244557,30.90590353006155,131.4287273244557,2.701083752592521,0.4693717171717172,600.0,0.0,11.114208936691284
8.0,8.0,6.0,6,18396,30020,0.5626004713803157,120.77955503890725,28.146581391534998,120.77955503890725,2.9392391774058306,0.4529810202020202,600.0,0.0,12.240839004516602
8.0,10.0,6.0,6,16944,27983,0.5656327953315099,113.44075226930885,26.910766981329335,113.44075226930885,3.1293868640541844,0.43616658585858586,600.0,0.0,12.326839685440063
9.0,2.0,6.0,6,18921,32153,0.6271978072839333,150.58186840152965,30.347332501087834,150.58186840152965,2.3575215513556067,0.3573328888888889,600.0,0.0,12.569240093231201
9.0,4.0,6.0,6,26069,41804,0.6282085819343313,120.5398168868938,27.57824130318348,120.5398168868938,2.945084945110771,0.3470503434343434,600.0,0.0,25.11084485054016
9.0,6.0,6.0,6,21256,34232,0.6298932063516613,106.9055016327241,25.200307315646505,106.9055016327241,3.3206897173506498,0.33610568686868686,600.0,0.0,12.442368984222412
9.0,8.0,6.0,6,18835,30497,0.6322516805359234,97.43445706485123,23.027448109601977,97.43445706485123,3.6434749132302975,0.32473869696969704,600.0,0.0,10.484084129333496
9.0,10.0,6.0,6,17805,29105,0.6352840044871172,92.0048926373216,23.036317214893625,92.0048926373216,3.858490454408671,0.3130744545454546,600.0,0.0,9.075609922409058
10.0,2.0,6.0,6,20280,34041,0.6968490164395408,126.31763524539213,24.379308845156743,126.31763524539213,2.8103756004484723,0.26515926213592234,600.0,0.0,9.104649066925049
10.0,4.0,6.0,6,27151,43349,0.6978597910899388,100.23727773992276,23.02339505319339,100.23727773992276,3.541596579678557,0.2577069029126213,600.0,0.0,14.914151906967163
10.0,6.0,6.0,6,21722,34775,0.6995444155072686,87.74545507712679,21.116378295304667,87.74545507712679,4.045793593388523,0.2497808155339806,600.0,0.0,11.237956047058105
10.0,8.0,6.0,6,19710,31750,0.7019028896915307,81.08514476634805,20.31481178027275,81.08514476634805,4.378113907583872,0.24157267961165046,600.0,0.0,10.741726875305176
10.0,10.0,6.0,6,18703,30278,0.7049352136427248,75.63341662021143,20.49097683840143,75.63341662021143,4.693692495509104,0.2331476699029126,600.0,0.0,8.460674047470093
12.0,2.0,6.0,6,22658,37418,0.8361514347507555,92.82763767342676,18.497723330564472,92.82763767342676,3.8242920847443242,0.15900003816793892,600.0,0.0,8.388399124145508
12.0,4.0,6.0,6,29401,46617,0.8371622094011535,73.31914367094365,17.511043612575055,73.31914367094365,4.841845965812697,0.15472849629629631,600.0,0.0,12.733883142471313
12.0,6.0,6.0,6,23122,36896,0.8388468338184836,64.3986710817794,16.483017891878966,64.3986710817794,5.512536113504394,0.1501940962962963,600.0,0.0,9.64501404762268
12.0,8.0,6.0,6,21290,33987,0.8412053080027458,58.950973672269996,15.37888766185005,58.950973672269996,6.021953122836863,0.1454879851851852,600.0,0.0,8.733247995376587
12.0,10.0,6.0,6,19749,31620,0.8442376319539397,54.211287131088184,14.669445068219177,54.211287131088184,6.54845178535561,0.14067043511450383,600.0,0.0,8.405162334442139
