x_m,fe_mode1_uz,theory_mode1,fe_mode2_uy,theory_mode2,fe_mode3_uz,theory_mode3,fe_mode4_uz,theory_mode4
0.0,0.0,0.0,-0.0,0.0,-0.0,0.0,0.0,0.0
0.00125,1.5729115531194557e-05,1.204783274311172e-05,2.0918447175226144e-05,1.204783274311172e-05,0.0001414954477722091,0.00010842875289196474,0.0003926725830399259,0.00030118130379575003
0.0025,4.551098932440854e-05,4.819104067199653e-05,5.286990251125716e-05,4.819104067199653e-05,0.00040959195202654826,0.00043369149797878315,0.0011377157128115779,0.001204543794827595
0.00375,9.926356826739934e-05,0.00010842875289196474,0.00011473856825399907,0.00010842875289196474,0.000893504421867073,0.0009757176995928152,0.0024826756967598713,0.002709543321309793
0.005,0.00017552259388389042,0.00019275951793518153,0.00019079551465420858,0.00019275951793518153,0.0015797028971185484,0.0017343898152840653,0.004388052362210849,0.004815273327803071
0.00625,0.0002747124649741837,0.00030118130379575003,0.000298117632962077,0.00030118130379575003,0.002472252010299147,0.002709543321309793,0.006866452544045687,0.007520465401290033
0.0075,0.0004004230785333535,0.00043369149797878315,0.00042189264183412637,0.00043369149797878315,0.0036026028774949863,0.003900966748312862,0.010000552764079669,0.010823490035218986
0.00875,0.0005465665812805519,0.0005902869075626871,0.0005766576951663361,0.0005902869075626871,0.0049166703357769416,0.005308401727180501,0.013643924503972883,0.014722357611058778
0.01,0.0007210201632365988,0.000770963759277099,0.000748193070192303,0.000770963759277099,0.006483928836564384,0.006931543045073707,0.01798181089868239,0.01921471959676957
0.01125,0.0009147597682168533,0.0009757176995928152,0.0009509359160179811,0.0009757176995928152,0.008224270812001184,0.008770038711614747,0.022797683144152505,0.02429786996147143
0.0125,0.0011378892722366137,0.001204543794827595,0.0011706107756913617,0.001204543794827595,0.010226617631641628,0.010823490035218986,0.028327618499447753,0.029968746805456026
0.01375,0.0013794367185970254,0.001457436531264289,0.0014214613498653933,0.001457436531264289,0.012393796432226361,0.01309145170955417,0.03431009617772338,0.03622393420456016
0.015,0.0016510325838362862,0.0017343898152840653,0.0016892899379530024,0.0017343898152840653,0.014827803127024659,0.015573431910108404,0.04101408355760206,0.043059664267791176
0.01625,0.0019405374590292757,0.0020353969735134037,0.001988294906323776,0.0020353969735134037,0.017421486500189626,0.018268892400845838,0.04815300018840302,0.050471819406963325
0.0175,0.0022605002615370506,0.0023604507529843,0.0023042958281850275,0.0023604507529843,0.020284382917640176,0.021177248650927627,0.056013056847585424,0.058455934816979194
0.01875,0.002598033319990331,0.002709543321309793,0.002651453212374485,0.002709543321309793,0.023303187756824387,0.02429786996147143,0.06429359781198993,0.06700720116526104
0.02,0.002966273315540525,0.003082666266872036,0.0030155995480026115,0.003082666266872036,0.02659197820066218,0.027630079602323443,0.0732893351793372,0.07612046748871326
0.02125,0.0033518674668827353,0.003479810599025357,0.003410874070790966,0.003479810599025357,0.030033862102979182,0.03117315495881201,0.08269315267385363,0.08579024429646931
0.0225,0.0037683158924403234,0.003900966748312862,0.003823140135971481,0.003900966748312862,0.03374536820024967,0.03492632768845261,0.09280202127052771,0.09601070687655666
0.02375,0.004201975162073292,0.004346124566696696,0.004266506928831925,0.004346124566696696,0.03760773818556766,0.038888783887568334,0.10330736096923268,0.10677569880448468
0.025,0.004666569105100957,0.004815273327803071,0.0047268494685216425,0.004815273327803071,0.04173856517815558,0.043059664267791176,0.11450444389133467,0.11807873565164495
0.02625,0.005148280457949029,0.005308401727180501,0.0052182605340407645,0.005308401727180501,0.046018274130541686,0.04743806434240472,0.12608659964819913,0.12991300889128854
0.0275,0.005660962810084934,0.005825497882571806,0.005726631981109618,0.005825497882571806,0.050564683329041994,0.05202303462248958,0.13834454936245455,0.14227138999972788
0.02875,0.006190693114172764,0.00636654933420111,0.006266040274974748,0.00636654933420111,0.05525816509701842,0.056813580822826726,0.15097606584541387,0.15514643475029288
0.03,0.006751407269651271,0.006931543045073707,0.00682239481581298,0.006931543045073707,0.060216144802127676,0.06180866407751584,0.1642649637799522,0.16853038769745476
0.03125,0.007329115323670964,0.007520465401290033,0.007409753779515234,0.007520465401290033,0.06531942385463578,0.06700720116526104,0.17791549802061604,0.1824151868484163
0.0325,0.007937800968631887,0.00813330221237396,0.00801403324721698,0.00813330221237396,0.07068460478422532,0.07240806474427586,0.19220320820953182,0.19679246851935506
0.03375,0.00856343975088729,0.008770038711614747,0.008649280124161452,0.008770038711614747,0.0761932800618581,0.07801008359675554,0.20684001253715484,0.21165357237339377
0.035,0.009220030614431603,0.009430659556422749,0.00930142776759186,0.009430659556422749,0.08196097959360263,0.08381204288286404,0.22209189832459592,0.226989546637263
0.03625,0.009893545047790686,0.010115148828699017,0.00998450846237103,0.010115148828699017,0.08787032631243293,0.08981268440418222,0.23767966445826066,0.24279115349351532
0.0375,0.010597978432779445,0.010823490035218986,0.010684463866046743,0.010823490035218986,0.09403549350308392,0.09601070687655666,0.25385891293187934,0.2590488746450408
0.03875,0.011319303700861219,0.01155566610803005,0.011415299396219466,0.01155566610803005,0.10034036705284956,0.10240476621229311,0.2703601098383825,0.275752917048533
0.04,0.012071511432551724,0.01231165940486223,0.01216299163741538,0.01231165940486223,0.10689765907434752,0.1089934758116321,0.28742759101680593,0.2928932188134524
0.04125,0.012840580629842604,0.01309145170955417,0.012941523604740664,0.01309145170955417,0.11359260239943111,0.11577540686344379,0.3048023826355796,0.31045945526293295
0.0425,0.013640480571971895,0.013895024232491227,0.013736881580290268,0.013895024232491227,0.12053620505034911,0.12274908865507572,0.32271676285591316,0.32844104515298156
0.04375,0.014457222258011937,0.014722357611058778,0.01456302881389661,0.014722357611058778,0.12761536877997168,0.12991300889128854,0.3409234594020307,0.34682715704622313
0.045,0.015304762344392962,0.015573431910108404,0.015405977751658192,0.015573431910108404,0.1349396092022191,0.13726561402220816,0.35964145523181346,0.3656067158363545
0.04625,0.016169092664364452,0.0164482266224385,0.0162796627496493,0.0164482266224385,0.1423969572975029,0.14480530958022486,0.37863593162410897,0.38476840941937307
0.0475,0.01706416612225597,0.017346720669288218,0.017170120252675156,0.017346720669288218,0.1500948425336748,0.15253046052576547,0.39811238326358966,0.40430069550756653
0.04875,0.01797600408173893,0.018268892400845838,0.01809125746269211,0.018268892400845838,0.15792383599238866,0.16043939160186438,0.4178482497244534,0.42419180858215466
0.05,0.018918522018780665,0.01921471959676957,0.019029134610383774,0.01921471959676957,0.16598923471339272,0.16853038769745476,0.4380366763633724,0.4444297669803977
0.05125,0.01987779116293369,0.020184179466723684,0.019997637725915125,0.020184179466723684,0.1741829362247868,0.17680169421930414,0.4584669260521041,0.46500238011290274
0.0525,0.020867660147186783,0.021177248650927627,0.020982846560028297,0.021177248650927627,0.1826085327892114,0.18525151747251056,0.4793181452846528,0.4858972558067781
0.05375,0.02187425493080775,0.022193903220718347,0.0219986148762639,0.022193903220718347,0.1911601317770645,0.19387802504947904,0.5003940809188075,0.5071018077702159
0.055,0.022911407493943513,0.023234118679127502,0.023031064139715278,0.023234118679127502,0.19993862427827452,0.20267934622729278,0.5218567895088904,0.5286032631740022
0.05625,0.023965238445644268,0.02429786996147143,0.024094011447304445,0.02429786996147143,0.20884046547761065,0.21165357237339377,0.543526118016341,0.5503886703453934
0.0575,0.0250495576935141,0.025385131435955,0.025173573734582826,0.025385131435955,0.21796432913100675,0.2207987573594833,0.5655499380344207,0.5724449065697178
0.05875,0.026150495087888196,0.02649587690428934,0.02628361302375529,0.02649587690428934,0.22720877871142517,0.2301129179835555,0.5877606959042798,0.59475868599501
0.06,0.02728188457760826,0.027630079602323443,0.027410211698157785,0.027630079602323443,0.236669764951307,0.23959403439996907,0.6102920419602902,0.6173165676349102
0.06125,0.028429851102853038,0.02878771220068821,0.028567214147631338,0.02878771220068821,0.2462487293835997,0.24924005055746556,0.6329914296792943,0.6401049634650118
0.0625,0.029608177611688498,0.029968746805456026,0.02974071861122191,0.029968746805456026,0.25603905870769456,0.2590488746450408,0.6559755300779366,0.6631101466077798
0.06375,0.03080306267347871,0.03117315495881201,0.030944547779535047,0.03117315495881201,0.26594402576007276,0.2690183795455683,0.6791083789792935,0.6863182596011084
0.065,0.03202823043021805,0.03240090763974024,0.03216489751504288,0.03240090763974024,0.2760550637803221,0.27914640329708107,0.7024894606661171,0.7097153227455375
0.06625,0.03326993082262421,0.033651975264722744,0.03341546276509046,0.033651975264722744,0.28627762069407536,0.2894307495616104,0.7259993028512233,0.7332872425251016
0.0675,0.03454180227340405,0.03492632768845261,0.03468250064969315,0.03492632768845261,0.2967005305385186,0.29986918810147645,0.7497218289957428,0.757019820096736
0.06875,0.03583016128832046,0.03622393420456016,0.03597967918878653,0.03622393420456016,0.3072319634303668,0.31045945526293295,0.7735525877759284,0.7808987598431303
0.07,0.037148668015206394,0.03754476354635272,0.037293298993390976,0.03754476354635272,0.3179574695466058,0.3211992544670582,0.7975587376652198,0.8049096779838717
0.07125,0.03848357471089107,0.038888783887568334,0.038636984314834866,0.038888783887568334,0.32878826937295036,0.3320862567077839,0.8216527162011038,0.8290381112396984
0.0725,0.03984852644532143,0.04025596284314259,0.039997036458144,0.04025596284314259,0.3398073201270647,0.3431181010569585,0.8458845003085316,0.8532695255446381
0.07375,0.04122985440840741,0.04164626746998856,0.041386991859830226,0.04164626746998856,0.3509281819930306,0.3542923951763326,0.8701829157066466,0.8775893248007836
0.075,0.04264115243770906,0.043059664267791176,0.04279341947966834,0.043059664267791176,0.36223128748686784,0.3656067158363545,0.8945817193762995,0.9019828596704392
0.07625,0.044068776181274,0.044496119179813776,0.04422968502884196,0.044496119179813776,0.37363269007079863,0.3770586094416659,0.9190266927319648,0.9264354364003323
0.0775,0.045526284387572696,0.04595559759371959,0.04568219821602026,0.04595559759371959,0.38520965910019384,0.38864559256318343,0.9435342158891152,0.9509323256725819
0.07875,0.04700005137251166,0.04743806434240472,0.047164509589158195,0.04743806434240472,0.39688152336526616,0.4003651524766477,0.9680665079933004,0.9754587714770877
0.08,0.04850361274660721,0.04894348370484647,0.048663112415175014,0.04894348370484647,0.4087225632426758,0.41221474770752686,0.9926231144574252,0.9999999999999999
0.08125,0.05002338572015128,0.050471819406963325,0.050191403959366505,0.050471819406963325,0.420654839702646,0.42419180858215466,1.0171832187647099,1.0245412285229123
0.0825,0.05157286027626321,0.05202303462248958,0.051735868512848726,0.05202303462248958,0.43274942584342097,0.43629373778498337,1.0417294878376346,1.0490676743274179
0.08375,0.05313851018467832,0.05359709197386231,0.0533099426678901,0.05359709197386231,0.4449318904139017,0.4485179109218306,1.0662582400392708,1.0735645635996673
0.085,0.05473375390699208,0.05519395353312195,0.054900164616692705,0.05519395353312195,0.45726968219615705,0.4608616770889996,1.0907355495750561,1.0980171403295604
0.08625,0.05634511649164895,0.056813580822826726,0.05651985699583838,0.056813580822826726,0.46969124695855985,0.4733223594481478,1.11517389310347,1.122410675199216
0.0875,0.05798596220323478,0.058455934816979194,0.05815568217822866,0.058455934816979194,0.4822617843094756,0.4858972558067781,1.139522087228868,1.1467304744553617
0.08875,0.059642907576599166,0.06012097594196686,0.05982087262601053,0.06012097594196686,0.49491195922419545,0.4985836392042309,1.163811035231364,1.170961888760301
0.09,0.06132919541943968,0.06180866407751584,0.061502125551156535,0.06180866407751584,0.5077039688057005,0.511378758503045,1.1879721180820226,1.1950903220161282
0.09125,0.06303149949772169,0.06351895855765732,0.06321268724965462,0.06351895855765732,0.5205715662729681,0.524279838985563,1.212052615143339,1.2191012401568695
0.0925,0.06476308564129128,0.06525181817170755,0.06493916785893324,0.06525181817170755,0.5335740883577214,0.5372840829556498,1.2359682445851417,1.2429801799032636
0.09375,0.06651064283296654,0.06700720116526104,0.06669484180533254,0.06700720116526104,0.5466480352342383,0.5503886703453934,1.2597817209895363,1.266712757474898
0.095,0.06828736396824168,0.06878506524119643,0.06846644891275658,0.06878506524119643,0.5598497615229195,0.5635907593266578,1.2833941581237134,1.290284677254462
0.09625,0.07007995924551635,0.07058536756069556,0.07026714035218656,0.07058536756069556,0.5731189303505893,0.5768874869273558,1.306884020370572,1.3136817403988914
0.0975,0.07190163121846978,0.07240806474427586,0.07208365432818063,0.07240806474427586,0.5865080918045571,0.5902759696523048,1.330136013150185,1.33688985339222
0.09875,0.07373912925094753,0.07425311287283598,0.07392914622201945,0.07425311287283598,0.599960859008508,0.6037533041085343,1.3532456688912051,1.3598950365349882
0.1,0.07560557784367047,0.07612046748871326,0.0757904447365652,0.07612046748871326,0.6135260235073509,0.6173165676349102,1.3760808456357045,1.3826834323650896
0.10125,0.07748776610495788,0.07801008359675554,0.07768061308918149,0.07801008359675554,0.6271506552182934,0.6309628189359335,1.39875386787936,1.40524131400499
0.1025,0.0793988119577739,0.07992191566540507,0.07958647868725381,0.07992191566540507,0.6408798173187322,0.6446890987195838,1.4211173508807409,1.4275550934302819
0.10375,0.08132555032312379,0.0818559176277961,0.08152104830237326,0.0818559176277961,0.6546644731188077,0.6584924303390635,1.4432994438366,1.4496113296546063
0.105,0.08328098961821886,0.08381204288286404,0.08347134602305552,0.08381204288286404,0.6685460148647427,0.6723698204383064,1.4651371798661128,1.4713967368259973
0.10625,0.08525207834617345,0.08579024429646931,0.08545021113425526,0.08579024429646931,0.6824786179314551,0.6863182596011083,1.4867746872769194,1.4928981922297835
0.1075,0.08725175229094148,0.08779047420253228,0.08744468447315185,0.08779047420253228,0.6965003243202139,0.7003347230037433,1.5080341873693925,1.5141027441932216
0.10875,0.08926699986223884,0.08981268440418222,0.08946762572845872,0.08981268440418222,0.7105688660887437,0.7144161710709176,1.529074119590399,1.534997619887097
0.11,0.0913106757801162,0.09185682617491864,0.09150609220841666,0.09185682617491864,0.7247184257661159,0.7285595501349255,1.549703965278534,1.555570233019602
0.11125,0.09336987487961389,0.0939228502597852,0.09357295058806016,0.0939228502597852,0.7389106163168281,0.7427617930978604,1.5700967936341674,1.5758081914178454
0.1125,0.09545739425592785,0.09601070687655666,0.09565522777819348,0.09601070687655666,0.7531759337310767,0.757019820096736,1.5900467723452028,1.5956993044924332
0.11375,0.09756035588892555,0.0981203457169384,0.09776574904486236,0.0981203457169384,0.7674793428831338,0.7713305391713803,1.6097421805546193,1.6152315905806267
0.115,0.099691506452055,0.10025171594777849,0.09989163730295123,0.10025171594777849,0.7818479757834662,0.7856908469349493,1.628964422942302,1.6343932841636453
0.11625,0.10183802531842723,0.10240476621229311,0.10204562361883963,0.10240476621229311,0.7962501423487324,0.8000976292469182,1.6479159561222627,1.6531728429537766
0.1175,0.10401260901767578,0.10457944463130298,0.10421496892195242,0.10457944463130298,0.8107097263147564,0.8145477618884088,1.6663637094306945,1.671558954847018
0.11875,0.10620245999138242,0.10677569880448468,0.10641221601813781,0.10677569880448468,0.8251981112746953,0.8290381112396984,1.6845240749671162,1.6895405447370666
0.12,0.10842025170070999,0.1089934758116321,0.10862475001752017,0.1089934758116321,0.8397361443301508,0.843565534959769,1.702153472405872,1.7071067811865475
0.12125,0.11065325915101426,0.11123272221393254,0.11086513995935174,0.11123272221393254,0.854298371402518,0.8581268826677466,1.7194803695003746,1.7242470829514667
0.1225,0.1129140540798399,0.11349338405525355,0.11312057876052829,0.11349338405525355,0.8689016456868734,0.8727189966260864,1.736248100845739,1.7409511253549588
0.12375,0.11518995197817217,0.11577540686344379,0.11540377403004684,0.11577540686344379,0.883525263880564,0.8873387124253521,1.7526990207076232,1.7572088465064843
0.125,0.11749352629747825,0.11807873565164495,0.11770200751749427,0.11807873565164495,0.8981813017655728,0.9019828596704392,1.7685651986787587,1.7730104533627367
0.12625,0.11981216574102867,0.12040331491961709,0.12002781032316098,0.12040331491961709,0.9128531802180448,0.9166482626681023,1.7840997867646593,1.7883464276266063
0.1275,0.12215828689005709,0.12274908865507572,0.12236863237727567,0.12274908865507572,0.9275494909649908,0.9313317411156262,1.7990263885215894,1.8032075314806448
0.12875,0.12451939599049387,0.12511600033504167,0.12473681776880717,0.12511600033504167,0.9422568644501015,0.9460301107904979,1.8136079333226167,1.8175848131515835
0.13,0.12690793667575537,0.12750399292720282,0.12711995782001745,0.12750399292720282,0.9569806666008334,0.9607401842409311,1.82755790800056,1.831469612302545
0.13125,0.1293109000654078,0.12991300889128854,0.12953033170723705,0.12991300889128854,0.9717108088076397,0.9754587714770877,1.8411510963384707,1.8448535652497071
0.1325,0.1317417366991914,0.13234299018045603,0.13195554037626947,0.13234299018045603,0.9864491602487412,0.9901826806628503,1.854091309781228,1.857728610000272
0.13375,0.1341870170676586,0.13479387824268874,0.13440789307701254,0.13479387824268874,1.0011895810628355,1.0049087188079977,1.8666634649676979,1.8700869911087117
0.135,0.1366595629325931,0.13726561402220816,0.13687494698666258,0.13726561402220816,1.0159295282352432,1.0196336924606284,1.8785622429984081,1.881921264348355
0.13625,0.13914673249407666,0.13975813796089553,0.13936897003866264,0.13975813796089553,1.0306670691164284,1.0343544083996823,1.8900827141096574,1.8932243011955152
0.1375,0.14166067537832877,0.142271389999728,0.14187764673706632,0.142271389999728,1.0453959616666757,1.0490676743274179,1.900911879242309,1.9039892931234434
0.13875,0.14418954189557218,0.14480530958022486,0.1444131259239901,0.14480530958022486,1.0601179162818652,1.0637702995616847,1.9113531415770886,1.9142097557035307
0.14,0.1467449281213723,0.1473598356459077,0.14696316700980377,0.1473598356459077,1.0748229606818454,1.0784590957278448,1.9210861606749323,1.9238795325112867
0.14125,0.14931491279810583,0.14993490664377107,0.1495399016715569,0.14993490664377107,1.0895164888879336,1.0931308774501993,1.930423018930758,1.9329927988347386
0.1425,0.15191140398156042,0.15253046052576547,0.152131087237603,0.15253046052576547,1.1041850722426612,1.1077824630427593,1.9390363963515496,1.9415440651830207
0.14375,0.15452242482743614,0.15514643475029288,0.1547487262537204,0.15514643475029288,1.118837405067657,1.122410675199216,1.9472453583431135,1.9495281805930365
0.145,0.15715998831137262,0.15778276628371335,0.15738080779979902,0.15778276628371335,1.1334560941414045,1.1370123416819675,1.9547189510964535,1.9569403357322086
0.14625,0.15981179773406867,0.16043939160186427,0.16003919099383457,0.16043939160186427,1.1480550815106698,1.151584296010041,1.961781119482658,1.9637760657954397
0.1475,0.16248993069067535,0.16311624669159064,0.16271194976944378,0.16311624669159064,1.162611528531259,1.1661233781457652,1.96809656778101,1.9700312531945439
0.14875,0.16518216274457095,0.1658132670522876,0.16541073606087728,0.1658132670522876,1.1771445140563497,1.1806264351800524,1.973994538617145,1.9757021300385285
0.15,0.16790075168438315,0.16853038769745476,0.1681237906869167,0.16853038769745476,1.1916252762153299,1.1950903220161282,1.979136215380946,1.9807852804032304
0.15125,0.17063340775914526,0.17126754315626191,0.170862790427206,0.17126754315626191,1.206078835192728,1.2095119020515686,1.9838558474938077,1.985277642388941
0.1525,0.17339201354741807,0.1740246674751268,0.17361600992172327,0.1740246674751268,1.22047336376554,1.2238880478584981,1.9878116298243704,1.989176509964781
0.15375,0.17616457992951073,0.17680169421930414,0.1763950125958973,0.17680169421930414,1.2348323608877454,1.2382156418617947,1.9913410641947271,1.99247953459871
0.155,0.17896303881715944,0.17959855647448641,0.17918798703303654,0.17959855647448641,1.2491283528442856,1.252491577015158,1.9941021472758478,1.9951847266721967
0.15625,0.1817754830810213,0.1824151868484163,0.1820066188035202,0.1824151868484163,1.2633824287601725,1.266712757474898,1.9964337360087712,1.9972904566786902
0.1575,0.18461344186103862,0.18525151747251056,0.1848392077628557,0.18525151747251056,1.2775677683627442,1.2808760992712922,1.9979917707636545,1.9987954562051724
0.15875,0.1874651363404468,0.1881074800034952,0.18769722276666947,0.1881074800034952,1.2917073836457238,1.2949785309773634,1.9991195016711405,1.9996988186962041
0.16,0.19034258690644235,0.19098300562505255,0.1905690829005967,0.19098300562505255,1.3057654830301606,1.3090169943749475,1.9994714517575927,2.0
0.16125,0.19323390403212984,0.19387802504947904,0.1934662198678413,0.19387802504947904,1.3197775126445657,1.3229884451178864,1.999392853706498,1.9996988186962041
0.1625,0.19615003620829258,0.19679246851935506,0.19637711692640447,0.19679246851935506,1.3336975234184572,1.33688985339222,1.9985381049422084,1.9987954562051724
0.16375,0.19907993650940758,0.1997262658092257,0.1993131006608056,0.1997262658092257,1.3475688943542894,1.3507182045732231,1.997253094966067,1.9972904566786902
0.165,0.20203510188146692,0.2026793462272929,0.20226274353187315,0.2026793462272929,1.3613396351609466,1.3644704998791497,1.9951938304061727,1.995184726672197
0.16625,0.2050038783461172,0.20565163861711855,0.20523728292129934,0.20565163861711855,1.3750553411343638,1.3781437570215405,1.992705384350796,1.99247953459871
0.1675,0.20799724195586877,0.20864307135933968,0.20822535893230548,0.20864307135933968,1.3886670956599247,1.391735010851956,1.9894462506935477,1.9891765099647811
0.16875,0.21100430026983732,0.21165357237339377,0.21123815643350852,0.21165357237339377,1.4022179676670978,1.40524131400499,1.985760667096479,1.985277642388941
0.17,0.2140358102363831,0.21468306911925517,0.21426441555744133,0.21468306911925517,1.4156560251335173,1.418659737537428,1.9813092626873876,1.9807852804032304
0.17125,0.21708083795622535,0.21773148859918356,0.2173152005545825,0.21773148859918356,1.4290303345077242,1.431987371563412,1.976435047339859,1.9757021300385285
0.1725,0.220150577427969,0.22079875735948318,0.22037930545855097,0.22079875735948318,1.442284323077716,1.445221325885468,1.9708030635367566,1.970031253194544
0.17375,0.22323326720568584,0.22388480149227208,0.22346776588053577,0.22388480149227208,1.455469779275014,1.458358730621271,1.9647526464286107,1.96377606579544
0.175,0.226340563815452,0.226989546637263,0.22656946857327717,0.226989546637263,1.4685285779416646,1.4713967368259973,1.9579530876488862,1.956940335732209
0.17625,0.22946074726973562,0.2301129179835555,0.22969530937527685,0.2301129179835555,1.4815126323707946,1.4843325171101411,1.9507401651608829,1.949528180593037
0.1775,0.2326051440487207,0.2332548402714385,0.23283430736297117,0.2332548402714385,1.4943647226510826,1.4971632662526542,1.942789462221738,1.941544065183021
0.17875,0.2357626896244366,0.23641523779420337,0.23599722082299165,0.23641523779420337,1.5071397566731386,1.5098862018092802,1.9344316243969806,1.932992798834739
0.18,0.23894400545271946,0.23959403439996907,0.23917313684430389,0.23959403439996907,1.519771967748809,1.5224985647159488,1.9253490036245973,1.923879532511287
0.18125,0.24213839364605289,0.24279115349351532,0.2423728900078662,0.24279115349351532,1.532322950107628,1.534997619887097,1.9158679467700983,1.914209755703531
0.1825,0.24535638718481276,0.24600651803813045,0.24558550105572796,0.24600651803813045,1.544726901683988,1.5473806568087962,1.905674387733408,1.9039892931234437
0.18375,0.24858729883559566,0.24924005055746556,0.24882163953436365,0.24924005055746556,1.5570453417904593,1.5596449901265461,1.8950913097812276,1.8932243011955157
0.185,0.2518415805148743,0.25249167313740317,0.2520707629002869,0.25249167313740317,1.5692059256133553,1.5717879602276121,1.8838133721201564,1.8819212643483554
0.18625,0.2551087886441775,0.255761307427933,0.25534256807453853,0.255761307427933,1.5812807440811005,1.583806933817786,1.8721542784481353,1.8700869911087115
0.1875,0.2583992310778411,0.2590488746450408,0.25862792717423805,0.2590488746450408,1.5931935879133465,1.5956993044924332,1.859818147877355,1.8577286100002723
0.18875,0.2617021624480624,0.26235429557260703,0.2619362578526538,0.26235429557260703,1.6050135451169276,1.607462493301711,1.8471113000902837,1.8448535652497071
0.19,0.2650283383135348,0.26567749056431444,0.26525694182717663,0.26567749056431444,1.616663948585612,1.6190939493098337,1.8337462470637649,1.8314696123025453
0.19125,0.26836694382310994,0.2690183795455683,0.2686005423226539,0.2690183795455683,1.628218564474352,1.630591150148264,1.8200221900727165,1.8175848131515837
0.1925,0.27172862081440535,0.2723768820154251,0.27195672421067957,0.2723768820154251,1.6395981847432632,1.641951602562703,1.8056615279311792,1.8032075314806448
0.19375,0.27510260029528083,0.275752917048533,0.2753357573831522,0.275752917048533,1.6508796866822781,1.6531728429537766,1.7909532472441017,1.7883464276266068
0.195,0.2784991614002894,0.27914640329708107,0.27872694120215535,0.27914640329708107,1.661976162452564,1.6642524379112817,1.7756311673900305,1.773010453362737
0.19625,0.2819082350661932,0.2825572589927601,0.2821406714059,0.2825572589927601,1.6729714795128818,1.6751879847418905,1.7599744653416232,1.7572088465064848
0.1975,0.2853394285235923,0.2859854019487318,0.28556659343382895,0.2859854019487318,1.6837795270576426,1.6859771119901925,1.743727968514226,1.7409511253549592
0.19875,0.2887828952875662,0.2894307495616104,0.2890147805429776,0.2894307495616104,1.694478834712011,1.6966174799529643,1.7271605787141464,1.7242470829514671
0.2,0.292248692609184,0.2928932188134524,0.29247553516456654,0.2928932188134524,1.704988050978558,1.7071067811865475,1.710029245679262,1.7071067811865477
0.20125,0.29572644083465266,0.2963727262737571,0.29595758094646485,0.2963727262737571,1.7153856368085683,1.7174427410072397,1.6925911320370977,1.689540544737067
0.2025,0.29922628661694595,0.29986918810147645,0.299451934220114,0.29986918810147645,1.725582443097406,1.727623117984575,1.6746156578462943,1.6715589548470184
0.20375,0.3027383952833121,0.3033825200470357,0.30296795295431783,0.3033825200470357,1.7356687198128535,1.7376457044273925,1.6563492254446626,1.653172842953777
0.205,0.3062720125193425,0.30691263745436403,0.30649745621342966,0.30691263745436403,1.7455470644982138,1.7475083268625966,1.6375731790157062,1.6343932841636457
0.20625,0.3098173013361739,0.31045945526293295,0.3100469042623762,0.31045945526293295,1.7553091984071758,1.7572088465064843,1.6185220722488118,1.6152315905806272
0.2075,0.31338419229357506,0.31402288800980716,0.3136084784363292,0.31402288800980716,1.76486384146372,1.7667451597285613,1.5989913092626873,1.595699304492434
0.20875,0.3169628507187943,0.31760284983170295,0.3171913558000185,0.31760284983170295,1.774298259443279,1.7761151985077277,1.5792029509558718,1.575808191417846
0.21,0.32056287805215283,0.3211992544670581,0.3207863750195033,0.3211992544670581,1.7835135765222223,1.7853169308807448,1.5589632043723325,1.555570233019603
0.21125,0.32417459503198226,0.32481201525810954,0.32440214731377787,0.32481201525810954,1.7926097152806322,1.7943483613828812,1.5384836063448604,1.5349976198870974
0.2125,0.3278073089524403,0.32844104515298156,0.32802991757339517,0.32844104515298156,1.8014851257755133,1.8032075314806444,1.5175849498830691,1.5141027441932224
0.21375,0.3314513011779627,0.3320862567077839,0.3316783830740189,0.3320862567077839,1.810237270813338,1.8118925199965046,1.4964639398354844,1.4928981922297841
0.215,0.33511660950428157,0.33574756208871814,0.3353380650899058,0.33574756208871814,1.8187576061202289,1.8204014435255136,1.4749573241240557,1.471396736825998
0.21625,0.33879308125653324,0.339424873074195,0.33901843957077765,0.339424873074195,1.827153479379686,1.8287324568437378,1.453246292868168,1.449611329654607
0.2175,0.3424901752025689,0.3431181010569586,0.34271050526660574,0.3431181010569586,1.8353194990733475,1.8368837533084093,1.4311828425348327,1.4275550934302825
0.21875,0.3461986741449693,0.34682715704622313,0.3464224847533607,0.34682715704622313,1.8433548157203732,1.8448535652497071,1.4089339828916232,1.4052413140049904
0.22,0.3499272868946743,0.35055195166981623,0.3501462387357198,0.35055195166981623,1.851154603841676,1.852640164354092,1.3863672873595403,1.3826834323650903
0.22125,0.3536672671197373,0.3542923951763326,0.353890238706257,0.3542923951763326,1.8588211354965305,1.8602418620391044,1.3636340919579568,1.3598950365349887
0.2225,0.35742719416046403,0.3580483974372969,0.3576448490940086,0.3580483974372969,1.8662496226643288,1.8676570098195442,1.3406184890769461,1.33688985339222
0.22375,0.36119815955710133,0.36181986794933474,0.36142002193640027,0.36181986794933474,1.87354060390907,1.874883999664958,1.3174558632804825,1.3136817403988923
0.225,0.3649891153122989,0.3656067158363545,0.3652055868156408,0.3656067158363545,1.8805910704880122,1.881921264348355,1.2940471301380871,1.2902846772544625
0.22625,0.3687906788582748,0.36940884985173605,0.3690109387141552,0.36940884985173605,1.8875046596139733,1.8887672777860676,1.2705116075271325,1.2667127574748984
0.2275,0.37261253964758795,0.3732261783805305,0.37282755663365136,0.3732261783805305,1.8941678034145186,1.8954205553686967,1.246766044936712,1.242980179903264
0.22875,0.3764448250232578,0.3770586094416659,0.3766634928874417,0.3770586094416659,1.9006929064681333,1.9018796542830616,1.2229145416592486,1.2191012401568702
0.23,0.38029636238113435,0.38090605069016603,0.3805101131230189,0.38090605069016603,1.9069665236829607,1.9081431738250814,1.1988891308744147,1.1950903220161286
0.23125,0.384158580255691,0.38476840941937307,0.3843759489800913,0.38476840941937307,1.9130993011698891,1.9142097557035305,1.174778579786949,1.1709618887603017
0.2325,0.3880401770353659,0.38864559256318354,0.3882520278941868,0.38864559256318354,1.918976930210963,1.9200780843345948,1.1505314779957376,1.1467304744553624
0.23375,0.3919321407302205,0.392537506698289,0.3921475792117753,0.392537506698289,1.9247115053116828,1.925746887127164,1.1262207034749698,1.122410675199216
0.235,0.3958430768526209,0.39644405804642846,0.3960536548899086,0.39644405804642846,1.9301874108692993,1.9312149347588035,1.1018112875876982,1.0980171403295613
0.23625,0.3997644414987675,0.4003651524766475,0.3999782716162892,0.4003651524766475,1.9355209575494945,1.9364810414423426,1.0773580337178021,1.0735645635996682
0.2375,0.40370436352527495,0.40430069550756653,0.40391293291414854,0.40430069550756653,1.9405900057306793,1.9415440651830207,1.0528445830675814,1.049067674327419
0.23875,0.407654697862748,0.408250592309657,0.4078667385822821,0.408250592309657,1.945515319475766,1.9464029080261376,1.0283084583735924,1.0245412285229132
0.24,0.41162322409818347,0.41221474770752675,0.41183027837014613,0.41221474770752675,1.9501755374671668,1.9510565162951536,1.0037506028032295,1.0000000000000002
0.24125,0.41560212512357775,0.41619306618221363,0.4158121963463235,0.41619306618221363,1.9546882959845997,1.955503880820186,0.9791912595980389,0.9754587714770888
0.2425,0.41959889772871073,0.4201854518734862,0.419804025644943,0.4201854518734862,1.9589342668736058,1.9597440371568573,0.9546473406654947,0.9509323256725823
0.24375,0.4236060506824702,0.42419180858215466,0.4238141410604931,0.42419180858215466,1.9630305703192694,1.96377606579544,0.9301240463897776,0.926435436400333
0.245,0.42763089455926956,0.42821203977238764,0.4278339665369196,0.42821203977238764,1.9668588895461292,1.9675990923602598,0.9056536979709514,0.9019828596704399
0.24625,0.43166563379094247,0.43224604857403937,0.43187122913033815,0.43224604857403937,1.9705368545908208,1.9712122877993117,0.8812247763218315,0.8775893248007844
0.2475,0.4357180160021466,0.43629373778498337,0.43591930987992056,0.43629373778498337,1.9739436930663272,1.974614868564045,0.856888187130864,0.853269525544639
0.24875,0.43978008975041016,0.4403550098734539,0.4399843562854938,0.4403550098734539,1.977199594672178,1.9778060967792814,0.832613149839166,0.8290381112396995
0.25,0.44385956374971736,0.4444297669803977,0.44405880646422724,0.4444297669803977,1.9801800619834855,1.9807852804032304,0.8084678945703634,0.8049096779838726
0.25125,0.4479487179371375,0.44851791092183035,0.44815033148913425,0.44851791092183035,1.9830107328277926,1.9835517733775614,0.7844053816428627,0.7808987598431312
0.2525,0.45205492287437227,0.45261934319120334,0.45225216480757197,0.45261934319120334,1.9855664979583487,1.9861049757675087,0.7605101919118066,0.7570198200967362
0.25375,0.456170593527793,0.4567339649617763,0.4563705543188148,0.4567339649617763,1.9879692618407208,1.98844433389197,0.7367180350083917,0.7332872425251027
0.255,0.46030322830845727,0.4608616770889996,0.46049819816072196,0.4608616770889996,1.9900949474174223,1.9905693404435771,0.7131309210833346,0.709715322745538
0.25625,0.4644451560233879,0.4650023801129025,0.4646425615180382,0.4650023801129025,1.992068886605066,1.99247953459871,0.689666976062446,0.6863182596011097
0.2575,0.46860366709682766,0.4691559742604905,0.4687964484801136,0.4691559742604905,1.9937629755594175,1.9941745021174282,0.6664440313405826,0.6631101466077804
0.25875,0.472771480600591,0.4733223594481478,0.4729670808671331,0.4733223594481478,1.995304067427639,1.9956538754333033,0.6433652126217346,0.6401049634650124
0.26,0.47695555135436096,0.4775014352840511,0.47714635362137364,0.4775014352840511,1.9965656191355527,1.996917333733128,0.6205627200555875,0.6173165676349108
0.26125,0.4811485863861719,0.4816931010705866,0.48134103329547817,0.4816931010705866,1.9976743006999673,1.9979646030264866,0.5979241490607793,0.5947586859950108
0.2625,0.4853577971408639,0.4858972558067781,0.48554591484895204,0.4858972558067781,1.9985026908534207,1.9987954562051724,0.5755979548766132,0.5724449065697179
0.26375,0.4895758568312431,0.4901137981907192,0.4897666581271616,0.4901137981907192,1.9991785792051082,1.9994097130924373,0.5534542137458149,0.5503886703453942
0.265,0.4938097895287271,0.49434262662201545,0.49399556938625044,0.49434262662201545,1.999573816128208,1.9998072404820648,0.5316579033336963,0.5286032631740024
0.26625,0.4980525352621698,0.4985836392042309,0.4982405963760509,0.4985836392042309,1.9998131258795229,1.999987952167257,0.5100627675884586,0.507101807770217
0.2675,0.5023108719003336,0.5028367337473456,0.502494109663874,0.5028367337473456,1.9997721587870643,1.999951808959328,0.4888486587952232,0.4858972558067778
0.26875,0.506577528705924,0.5071018077702159,0.5067628480421462,0.5071018077702159,1.9995789479401556,1.9996988186962041,0.46785389490107687,0.46500238011290307
0.27,0.5108598039779626,0.511378758503045,0.5110405987745337,0.511378758503045,1.9991028693711783,1.999229036240723,0.44727354043837403,0.44442976698039816
0.27125,0.5151502766635169,0.5156674828898585,0.5153330772268343,0.5156674828898585,1.9984740309531186,1.9985425634687357,0.4269308434175039,0.4241918085821551
0.2725,0.5194560542140193,0.5199678775909888,0.5196341414512644,0.5199678775909888,1.997566884342584,1.9976395492470158,0.4070330154680605,0.4043006955075671
0.27375,0.5237698823365666,0.524279838985563,0.5239506121328884,0.524279838985563,1.9965029073946583,1.9965201894009748,0.387390725962339,0.38476840941937296
0.275,0.5280986741608347,0.5286032631740024,0.5282743421109888,0.5286032631740024,1.995160551499348,1.995184726672197,0.3682247509709669,0.3656067158363544
0.27625,0.5324355610264889,0.5329380459805233,0.5326133813855269,0.5329380459805233,1.9936655772647742,1.993633450665799,0.349330446215548,0.3468271570462239
0.2775,0.5367871531158179,0.5372840829556498,0.5369600972851217,0.5372840829556498,1.9918914561839478,1.991866697787626,0.33094195458623066,0.32844104515298156
0.27875,0.5411462197602559,0.5416412693787287,0.5413214969509544,0.5416412693787287,1.989961536954995,1.989884851171301,0.3128414561536631,0.31045945526293384
0.28,0.5455200006612035,0.5460095002604531,0.5456902410445925,0.5460095002604531,1.9877584746419426,1.9876883405951378,0.2952744893673288,0.29289321881345265
0.28125,0.5499015502634237,0.5503886703453934,0.5500736712178199,0.5503886703453934,1.9854001032220476,1.9852776423889413,0.278011380406432,0.27575291704853333
0.2825,0.554296966656947,0.5547786741145315,0.5544643778063236,0.5547786741145315,1.9827661955372995,1.982653279330712,0.26130883489154727,0.2590488746450418
0.28375,0.5587001793134699,0.5591794057878059,0.5588694003382038,0.5591794057878059,1.979981276065933,1.9798158205332763,0.24492474826303365,0.24279115349351577
0.285,0.563116988007859,0.5635907593266578,0.5632814249218921,0.5635907593266578,1.9769202376422246,1.9767658813208726,0.2291269335075629,0.2269895466372639
0.28625,0.5675413782617094,0.5680126284365881,0.5677076766162658,0.5680126284365881,1.9737085807459522,1.9735041230957107,0.21366142508733083,0.2116535723733941
0.2875,0.5719792413362927,0.5724449065697177,0.5721408827074106,0.5724449065697177,1.9702257514979058,1.970031253194544,0.19880641849322528,0.1967924685193555
0.28875,0.5764244745093554,0.5768874869273558,0.5765876603054733,0.5768874869273558,1.966591082214598,1.9663480247352774,0.18429684934845397,0.18241518684841673
0.29,0.5808827886170812,0.5813402624625716,0.5810414811329982,0.5813402624625716,1.962686202013871,1.9624552364536476,0.17042057257232343,0.1685303876974552
0.29125,0.5853485152081275,0.5858031258827763,0.5855087915748041,0.5858031258827763,1.9586325575354075,1.9583537325300115,0.15690195593443576,0.155146434750293
0.2925,0.5898267960500762,0.5902759696523046,0.5899826788744438,0.5902759696523046,1.9543104855794444,1.9540444024062804,0.14403795715819112,0.14227138999972844
0.29375,0.5943121551604522,0.59475868599501,0.5944698387960095,0.59475868599501,1.9498423234651094,1.949528180593037,0.13154288334972497,0.12991300889128876
0.295,0.5988105236376454,0.5992511668968589,0.5989633516430003,0.5992511668968589,1.945104876490256,1.9448060464668782,0.11972216086160674,0.1180787356516455
0.29625,0.603315590540976,0.6037533041085343,0.6034698502563519,0.6037533041085343,1.9402218908291182,1.9398790240580333,0.10828091097179658,0.10677569880448445
0.2975,0.6078330125096183,0.6082649891480439,0.6079828331934845,0.6082649891480439,1.9350771473811907,1.9347481818282928,0.09753199135074592,0.09601070687655688
0.29875,0.6123570838028338,0.6127861133033343,0.6125082101417073,0.6127861133033343,1.9297883823154742,1.9294146324393044,0.08717214533420217,0.08579024429646964
0.3,0.6168932829508205,0.6173165676349102,0.6170399575968254,0.6173165676349102,1.9242377866270317,1.923879532511287,0.0775209931085979,0.07612046748871348
0.30125,0.6214358782723907,0.6218562429784595,0.6215839107562355,0.6218562429784595,1.9185435605538277,1.918144082372204,0.06826751315508219,0.06700720116526138
0.3025,0.6259906470761292,0.6264050299474835,0.6261341210683259,0.6264050299474835,1.9125927875847983,1.9122095257974678,0.05973749928700693,0.058455934816979194
0.30375,0.6305514975255065,0.6309628189359335,0.630696112353404,0.6309628189359335,1.9065025337983326,1.9060771497402147,0.051612844995019135,0.050471819406963325
0.305,0.6351241772828794,0.6355295001208502,0.6352644491611827,0.6355295001208502,1.9001553543691736,1.8997482840522217,0.044224491700760704,0.0430596642677914
0.30625,0.6397028205642035,0.640104963465012,0.6398438072373724,0.640104963465012,1.8936733597845359,1.8932243011955152,0.037248157193797565,0.03622393420456016
0.3075,0.6442927792083762,0.6446890987195838,0.6444298592269733,0.6446890987195838,1.886936818170772,1.8865066159447466,0.031019379929374796,0.029968746805456248
0.30875,0.6488888945402012,0.6492817954267767,0.649027499256061,0.6492817954267767,1.8800648516606937,1.879596685080383,0.025208290458683565,0.02429786996147132
0.31,0.6534959213050248,0.653882942922507,0.6536297058406759,0.653882942922507,1.872946449963733,1.8724960070727974,0.020154053689674302,0.01921471959676968
0.31125,0.6581089347549149,0.6584924303390637,0.6582432136092127,0.6584924303390637,1.8656923694851948,1.8652061217573113,0.015522225264325975,0.01472235761105889
0.3125,0.6627325509001379,0.6631101466077798,0.6628629063538679,0.6631101466077798,1.8581961428158917,1.8577286100002723,0.01165475631193317,0.010823490035219097
0.31375,0.6673618482353171,0.6677359804617091,0.6674929656885072,0.6677359804617091,1.8505674962528902,1.850065093356229,0.00821336280371344,0.007520465401290144
0.315,0.6720016987010428,0.6723698204383064,0.672128752881042,0.6723698204383064,1.842699100841931,1.8422172337162865,0.005542010225616933,0.004815273327803071
0.31625,0.6766471305323176,0.6770115548821135,0.6767746841191629,0.6770115548821135,1.8347025703713367,1.8341867329477126,0.0032993635285177066,0.002709543321309904
0.3175,0.6813024475275757,0.6816610719474502,0.6814261835939373,0.6816610719474502,1.826471243896433,1.8259753325248733,0.0018305771095520331,0.001204543794827706
0.31875,0.6859634924982428,0.6863182596011083,0.6860877530870552,0.6863182596011083,1.8181116928777445,1.8175848131515844,0.0007920910286170932,0.00030118130379586106
0.32,0.6906340990721128,0.6909830056250525,0.6907544281465605,0.6909830056250525,1.809522873061775,1.8090169943749475,0.0005294156931070422,0.0
0.32125,0.6953100933846091,0.6956551976191224,0.6954310529301401,0.6956551976191224,1.8008109792432094,1.8002737341907744,0.0006976043634599552,0.00030118130379575003
0.3225,0.6999956840419813,0.7003347230037433,0.7001124455308128,0.7003347230037433,1.7918721557014219,1.7913569286406603,0.0016416718201805558,0.001204543794827595
0.32375,0.7046864287423271,0.7050214690226363,0.7048032960370667,0.7050214690226363,1.782813019679526,1.7822685114008168,0.003016127108658991,0.002709543321309682
0.325,0.7093861601869956,0.7097153227455375,0.709499423760377,0.7097153227455375,1.773533138745887,1.773010453362737,0.005164657478130558,0.004815273327803182
0.32625,0.7140909011492786,0.7144161710709176,0.7142042024923242,0.7144161710709176,1.7641344332662612,1.763584762205797,0.007742060950392391,0.007520465401289922
0.3275,0.7188047458195164,0.7191239007287078,0.7189144883884498,0.7191239007287078,1.7545206182953124,1.7539934819618694,0.011089867979610991,0.010823490035218875
0.32875,0.7235232583809188,0.723838398283029,0.7236331564817882,0.723838398283029,1.7447913354745117,1.7442386925720672,0.014863990635160149,0.014722357611058667
0.33,0.728250534181882,0.7285595501349257,0.7283565775867709,0.7285595501349257,1.7348536981751959,1.7343225094356853,0.019402995089422292,0.019214719596769347
0.33125,0.7329821832646243,0.7332872425251014,0.7330883665461879,0.7332872425251014,1.7248023598177333,1.7242470829514671,0.02436472579871068,0.02429786996147143
0.3325,0.7377223996438924,0.7380213615366625,0.7378249210093465,0.7380213615366625,1.7145453015616112,1.7140145980512684,0.030083977619795796,0.029968746805455915
0.33375,0.7424671433263557,0.7427617930978604,0.7425697767024211,0.7427617930978604,1.7041813555288985,1.7036272737262435,0.036221312817569996,0.03622393420455983
0.335,0.747219914882971,0.7475084229848419,0.7473187274900217,0.7475084229848419,1.6936170607275491,1.693087362545636,0.04310695933087545,0.043059664267791065
0.33625,0.7519767933685401,0.7522611368244014,0.7520754275419106,0.7522611368244014,1.6829469561214625,1.682397150168297,0.0504051532546189,0.05047181940696288
0.3375,0.7567416103263563,0.757019820096736,0.7568370184811833,0.757019820096736,1.6720854574048134,1.6715589548470184,0.058440601195754185,0.058455934816979305
0.33875,0.7615102926426945,0.7617843581382053,0.761605487013963,0.7617843581382053,1.6611213203681827,1.6605751269258053,0.06688195087578595,0.06700720116526093
0.34,0.766286944003952,0.7665546361440947,0.7663781283698734,0.7665546361440947,1.6499696890651059,1.649448048330184,0.07604780942602761,0.07612046748871293
0.34125,0.7710673048494255,0.7713305391713803,0.7711586115241252,0.7713305391713803,1.6387203119359195,1.6381801320506655,0.08561201700121165,0.08579024429646898
0.3425,0.775854654793033,0.7761119521415016,0.7759425568399791,0.7761119521415016,1.6272897023497563,1.6267738216194694,0.09588610519110806,0.09601070687655666
0.34375,0.7806458402173234,0.7808987598431301,0.7807339053427621,0.7808987598431301,1.6157643269677793,1.6152315905806272,0.10654991844511624,0.10677569880448468
0.345,0.7854441798784993,0.7856908469349488,0.7855283051559507,0.7856908469349488,1.6040634773298224,1.6035559419535717,0.11790752091014213,0.1180787356516445
0.34625,0.790246010846186,0.790488097948431,0.7903298009430119,0.790488097948431,1.5922714953687451,1.5917494076903436,0.12964532106581947,0.12991300889128798
0.3475,0.7950543519401432,0.79529039729062,0.795134686252443,0.79529039729062,1.5803109606466343,1.5798145481265142,0.14205891656166222,0.14227138999972733
0.34875,0.7998663594386421,0.8000976292469182,0.7999461863586697,0.8000976292469182,1.5682649831285178,1.5677539514259609,0.15484236930332942,0.15514643475029266
0.35,0.8046845352053509,0.8049096779838717,0.8047610338842723,0.8049096779838717,1.5560561257282688,1.555570233019603,0.16828199264709695,0.16853038769745454
0.35125,0.8095058490715632,0.8097264275519639,0.8095818859445895,0.8097264275519639,1.543762164739373,1.543266035038224,0.18208016721199832,0.18241518684841596
0.3525,0.8143333330588742,0.8145477618884088,0.8144060780215584,0.8145477618884088,1.531317046291987,1.5308440257395097,0.1965134276039803,0.19679246851935417
0.35375,0.8191639192459601,0.819373564819947,0.8192358360218293,0.819373564819947,1.5187892278418422,1.518306898929414,0.2112930712630089,0.21165357237339377
0.355,0.8240002347981219,0.8242037200656454,0.8240691732392795,0.8242037200656454,1.506115448256984,1.505657373377985,0.2266850359607776,0.22698954663726256
0.35625,0.8288395330387038,0.8290381112396988,0.8289070848776515,0.8290381112396988,1.4933643023409087,1.4928981922297841,0.24241044634230235,0.24279115349351543
0.3575,0.8336839897228714,0.8338766218542342,0.8337489662269074,0.8338766218542342,1.4804742749430992,1.4800321224090118,0.25872398871656066,0.25904887464504023
0.35875,0.8385312892023229,0.8387191353221195,0.8385954085796473,0.8387191353221195,1.4675110578347452,1.467061954019477,0.27535709798282015,0.27575291704853233
0.36,0.8433839307930036,0.843565534959769,0.8434449364803925,0.843565534959769,1.454415626854341,1.453990499739547,0.292552865195049,0.2928932188134523
0.36125,0.848238823412474,0.8484157039899589,0.8482992955840571,0.8484157039899589,1.4412503940749295,1.4408205942121945,0.3100535930529412,0.31045945526293284
0.3625,0.8530988594208051,0.8532695255446381,0.8531560638117978,0.8532695255446381,1.4279608553250906,1.4275550934302825,0.32809013787989566,0.32844104515298134
0.36375,0.8579613789955232,0.8581268826677466,0.8580175142626322,0.8581268826677466,1.4146074914850495,1.414196874117224,0.34641615518416535,0.3468271570462228
0.365,0.8628282753261871,0.8629876583180318,0.8628814321339963,0.8629876583180318,1.4011351511840693,1.4007488331031417,0.36524970313561383,0.3656067158363534
0.36625,0.8676973585293518,0.86785173537187,0.8677494488012485,0.86785173537187,1.3876014871870324,1.387213886696666,0.38435694363062406,0.3847684094193733
0.3675,0.8725706255563728,0.8727189966260864,0.8726199796187271,0.8727189966260864,1.3739602403504725,1.3735949700525165,0.40394194421542245,0.4043006955075661
0.36875,0.877446033365275,0.8775893248007838,0.8774941474871681,0.8775893248007838,1.3602593242341166,1.3598950365349887,0.4237838441244474,0.4241918085821548
0.37,0.882325555746299,0.8824626025421622,0.8823705819772434,0.8824626025421622,1.3464591597903428,1.3461170570774934,0.44407367940720455,0.44442976698039693
0.37125,0.887206843004304,0.8873387124253521,0.8872510504893694,0.8873387124253521,1.332605175832947,1.3322640195382909,0.4646031598700422,0.4650023801129026
0.3725,0.8920915546331967,0.8922175369572407,0.8921330101877633,0.8922175369572407,1.3186582240868427,1.3183389280525504,0.4855477342376677,0.4858972558067781
0.37375,0.8969782740991692,0.8970989585793037,0.8970181424161726,0.8970989585793037,1.3046629633859315,1.3043448023808777,0.5067142922989258,0.5071018077702156
0.375,0.9018681948944895,0.9019828596704392,0.9019055778171668,0.9019828596704392,1.2905800956212017,1.2902846772544625,0.528264289677416,0.5286032631740012
0.37625,0.9067598222007808,0.9068691225498,0.9067958151492931,0.9068691225498,1.2764533348404128,1.2761616017169715,0.5500169217021261,0.5503886703453922
0.3775,0.9116541111824348,0.9117576294796303,0.9116875769799464,0.9117576294796303,1.2622492160525136,1.2619786384633378,0.572119896914166,0.5724449065697175
0.37875,0.9165503663111612,0.9166482626681023,0.916582165263256,0.9166482626681023,1.248004744075045,1.2477388631755995,0.5944059877589892,0.5947586859950096
0.38,0.9214488240619465,0.9215409042721547,0.9214782165099471,0.9215409042721547,1.2336907762095002,1.233445363855906,0.6170086440686755,0.6173165676349095
0.38125,0.9263487574073836,0.9264354364003323,0.9263768568594479,0.9264354364003323,1.2193396016668212,1.2191012401568702,0.6397752449959409,0.6401049634650102
0.3825,0.9312510828328023,0.9313317411156262,0.9312762680176121,0.9313317411156262,1.2049274384733908,1.2047096027093795,0.6628224154649492,0.66311014660778
0.38375,0.9361547152399537,0.9362297004383151,0.9361785463434158,0.9362297004383151,1.1904830880393293,1.1902735724480364,0.686013707327725,0.6863182596011076
0.385,0.9410598973573258,0.9411291963488108,0.9410811901787299,0.9411291963488108,1.1759872967052125,1.1757962799343549,0.7094509175572599,0.7097153227455375
0.38625,0.9459662500374618,0.9460301107904979,0.9459860580700136,0.9460301107904979,1.1614626498542804,1.1612808646778814,0.7330108069583514,0.7332872425251005
0.3875,0.9508744338353683,0.9509323256725819,0.9508916713230959,0.9509323256725819,1.1468936688096194,1.1467304744553624,0.7567811863167556,0.7570198200967349
0.38875,0.9557832777250592,0.9558357228729325,0.9557993360561386,0.9558357228729325,1.1323018308077288,1.1321482646281305,0.7806526297777017,0.7808987598431298
0.39,0.9606936187492389,0.9607401842409311,0.9607069202845551,0.9607401842409311,1.117672092106285,1.1175373974578375,0.8046989354365331,0.8049096779838713
0.39125,0.9656045371800213,0.9656455916003175,0.9656162529439074,0.9656455916003175,1.1030253580756382,1.1029010414206966,0.8288242159524923,0.8290381112396982
0.3925,0.970516816326324,0.9705518267520369,0.9705261667171139,0.9705518267520369,1.0883480570917823,1.0882423705203697,0.8530893341422563,0.8532695255446375
0.39375,0.9754294118534608,0.9754587714770875,0.9754368087333195,0.9754587714770875,1.0736591926747276,1.0735645635996673,0.8774096296411528,0.8775893248007821
0.395,0.9803428071339066,0.9803663075393717,0.9803483071521879,0.9803663075393717,1.0589469793457211,1.0588708036511896,0.9018365145787636,0.9019828596704395
0.39625,0.9852561922234618,0.9852743166885414,0.9852607235088642,0.9852743166885414,1.0442284646677373,1.0441642771270676,0.9262934230062553,0.9264354364003317
0.3975,0.9901705697668047,0.9901826806628503,0.9901729460066994,0.9901826806628503,1.0294928135669374,1.029448173247963,0.9508286794331317,0.9509323256725819
0.39875,0.9950849903898225,0.995091281192002,0.9950863737605774,0.995091281192002,1.0147553580078488,1.014725683311459,0.9753732546073756,0.9754587714770866
0.4,1.0,0.9999999999999999,1.0,0.9999999999999999,1.0,1.0000000000000002,1.0,0.9999999999999997
