x_m,fe_mode1,theory_mode1,fe_mode2,theory_mode2,fe_mode3,theory_mode3
0.0,0.0,0.0,0.0,-0.0,-0.0,0.0
0.00125,2.4558315329696956e-05,1.7143426758322055e-05,-0.0001866268685077865,-0.00010705449349283081,0.000603007008657078,0.0002987929539532896
0.0025,6.922879656013656e-05,6.847524076209762e-05,-0.0005003587578686826,-0.0004260747858865188,0.001563483693732337,0.0011853199289549327
0.00375,0.00014792417566408353,0.00015384774263032676,-0.0010247443944329038,-0.0009538461012336107,0.00310548117692042,0.0026448032296961118
0.005,0.00025815858265652804,0.000273113233069037,-0.0017379661443271484,-0.001687153684925964,0.005152488543070597,0.004662465625829065
0.00625,0.00040067533992564397,0.00042612401297262395,-0.002646891978979291,-0.00262278282810709,0.007729145005396162,0.007223530880895866
0.0075,0.000580093241318785,0.0006127323835637451,-0.0037724459518468636,-0.0037575189016015786,0.010873817489618881,0.01031322448388701
0.00875,0.0007880259203068958,0.0008327906465744274,-0.005066886404581934,-0.0050881473992126355,0.014465180933967543,0.01391677457806693
0.01,0.001035033407778722,0.00108615110446534,-0.0065855254422050044,-0.006611453990238219,0.018630501776221442,0.018019413081702414
0.01125,0.0013087211894503665,0.001372666060685692,-0.008258376189538142,-0.00832422458105802,0.023193552318772754,0.022606376995332085
0.0125,0.001622657995990287,0.001692187819971779,-0.010156862260134422,-0.010223245385642149,0.02831971419858888,0.0276629098902147
0.01375,0.001961838452739189,0.0020445686886845474,-0.012197336210454813,-0.012305303004831751,0.033801409837669924,0.03317426357259882
0.015,0.0023418428446835625,0.002429660975186688,-0.014461128091183823,-0.014567184514244148,0.039824825002384295,0.03912569991845584
0.01625,0.002746168841143271,0.0028473169902574124,-0.01685791078946506,-0.01700567756065321,0.04617065318145874,0.045502492873322815
0.0175,0.0031915437694657184,0.003297389047547318,-0.019473481214356717,-0.01961757046669506,0.053030759075421006,0.05228993061190485
0.01875,0.0036605642239730704,0.003779729464069905,-0.022214598822711068,-0.022399652343752706,0.06018426692636753,0.059473317852092124
0.02,0.004170635299580515,0.004294190560732609,-0.025168586557870572,-0.025348713212868655,0.0678210104028728,0.06703797831805011
0.02125,0.004703848214006701,0.004840624662905295,-0.028241776604874192,-0.028461544133538047,0.07572532148376866,0.07496925734704883
0.0225,0.005277975301058271,0.0054188841010269296,-0.031521047053068796,-0.031734937340232965,0.0840792039495019,0.08325252463470259
0.02375,0.005874854371025875,0.006028821211249683,-0.03491381778456106,-0.035165686386510825,0.09267690407810397,0.09187317711330309
0.025,0.006512415288920643,0.006670288336120605,-0.0385053393413662,-0.03875058629655589,0.10168908052131456,0.10081664195793116
0.02625,0.007172397857256977,0.007343137825300538,-0.0422051118868265,-0.04248643372400757,0.11092234970536503,0.11006837971504962
0.0275,0.007872772862493558,0.00804722203632084,-0.046095981395426956,-0.046370027117926545,0.12053449281642777,0.11961388754828435
0.02875,0.00859529999678703,0.008782393335376087,-0.050089991105106924,-0.05039816689574909,0.1303459136558712,0.12943870259611873
0.03,0.009357894364327705,0.009548504098154494,-0.05426727764312683,-0.05456765562308405,0.14049984970256774,0.13952840543623266
0.03125,0.010142379472905638,0.010345406710704514,-0.058542973740092305,-0.05887529820020109,0.15083186006892568,0.14986862365124076
0.0325,0.010966587834498867,0.011172953570338037,-0.06299378049983782,-0.06331790205506507,0.16147012608990322,0.1604450354905923
0.03375,0.01181244616624436,0.012030997086569604,-0.0675383223052521,-0.06789227734276652,0.17226556805580576,0.1712433736234153
0.035,0.012697679645891328,0.012919389682092611,-0.07224990067379122,-0.07259523715120143,0.1833309846959895,0.1822494289771091
0.03625,0.013604337245674704,0.013837983793790639,-0.0770505903822722,-0.07742359771285304,0.1945330804015827,0.1934490546565023
0.0375,0.014549987987099857,0.014786631873784206,-0.08201022272688625,-0.08237417862252604,0.20596891755637897,0.2048281699384222
0.03875,0.015516843225980518,0.015765186390514937,-0.08705435801358545,-0.08744380306088914,0.21752134248768765,0.21637276433653557
0.04,0.01652233104671923,0.016773499829862593,-0.09224920657122253,-0.09262929802367464,0.22927162119228678,0.2280689017313547
0.04125,0.017548809198425556,0.017811424696300145,-0.09752405529739197,-0.0979274945563922,0.2411185827982203,0.2399027245603187
0.0425,0.018613528650202122,0.018878813514081067,-0.10294149253308336,-0.10333522799440575,0.2531277037165359,0.251860458062893
0.04375,0.019699025677793667,0.019975518828464166,-0.10843443868110422,-0.10884933820823037,0.26521398550754366,0.2639284145756571
0.045,0.020822391783968542,0.02110139320697147,-0.11406176030184671,-0.11446666985390068,0.2774272936582777,0.27609299787237923
0.04625,0.021966324551361528,0.022256289240681026,-0.11976011466790203,-0.12018407262826358,0.28969833645611054,0.28834070754410923
0.0475,0.023147745838788026,0.02344005954555465,-0.12558469612740625,-0.12599840152905256,0.3020617141594925,0.30065814341435626
0.04875,0.0243495165800265,0.02465255676379881,-0.1314759102671897,-0.131906517119594,0.3144638638687525,0.31303200998444763
0.05,0.025588402128452162,0.025893633565261486,-0.13748515355280796,-0.13790528579800213,0.32692412800009896,0.325449120904207
0.05125,0.026847423087875612,0.027163142648859818,-0.14355655546563276,-0.14399158007071589,0.33940442418334277,0.3378964034631234
0.0525,0.028143179823670463,0.028460936744045102,-0.14973804188548173,-0.15016227883023503,0.3519092578676773,0.3503609030972285
0.05375,0.02945886011740105,0.02978686861229825,-0.1559772212623459,-0.15641426763690658,0.36441566133250647,0.36282978790692955
0.055,0.030810896785666127,0.031140791048660244,-0.16231835243930473,-0.16274443900462152,0.3769136924153011,0.37529035318110415
0.05625,0.03218265515455046,0.032522556883295264,-0.16871283168947215,-0.16914969269027408,0.3893953164580577,0.3877300259227931
0.0575,0.03359037709572237,0.03393201898308707,-0.17520123726079048,-0.1756269359868423,0.40183636015753615,0.40013636937187935
0.05875,0.03501761103782898,0.03536903025326777,-0.18173859302712228,-0.18217308401994406,0.41424323675998387,0.41249708752019304
0.06,0.036480439597177124,0.03683344363907945,-0.1883618976003208,-0.18878506004772747,0.42657715385566725,0.42480002961452584
0.06125,0.037962563175576496,0.038325112127469,-0.19502979093764758,-0.19545979576395103,0.4388607560675709,0.43703319464308876
0.0625,0.0394798936395925,0.039843888748813464,-0.20177574792504008,-0.20219423160411248,0.4510406196664075,0.4491847358010087
0.06375,0.04101630208257685,0.04138962657867963,-0.20856192276937505,-0.20898531705448264,0.46315245578720365,0.4612429649304996
0.065,0.04258758883923499,0.04296217873961418,-0.2154181928613191,-0.21583001096390542,0.47513148474841416,0.4731963569314162
0.06625,0.0441777239055105,0.0445613984029659,-0.22231045058963583,-0.22272528185821894,0.487025244608038,0.48503355413794097
0.0675,0.045802305736967606,0.04618713879073996,-0.22926498802312242,-0.22966810825716008,0.49875773429533343,0.49674337065722324
0.06875,0.04744553465364402,0.04783925317748306,-0.23625121573646715,-0.23665547899361095,0.510389924772155,0.5083147966658486
0.07,0.04912285859292618,0.049517594892200104,-0.24329190214544613,-0.2436843935350468,0.5218306115358001,0.5197370026600774
0.07125,0.05081865160003714,0.051222017320302266,-0.25036004190740846,-0.25075186230704705,0.5331566790927609,0.5309993436558533
0.0725,0.0525481834494744,0.05295237390558533,-0.2574749040590174,-0.2578549070187299,0.544264584823994,0.5420913633346558
0.07375,0.054295824767246724,0.054708518152239226,-0.2646130350479664,-0.2649905609899716,0.5552426810803598,0.5530027981313288
0.075,0.05607693480941687,0.05649030362688795,-0.27179025125725725,-0.2721558694802744,0.5659755705296452,0.5637235812600893
0.07625,0.0578760242442808,0.05829758396066046,-0.27898638930613767,-0.2793478900191432,0.5765647502860983,0.5742438466749945
0.0775,0.059708065083696304,0.06013021285129029,-0.286214112666624,-0.2865636927378354,0.5868837961596917,0.5845539329612096
0.07875,0.06155790322445765,0.06198804406524738,-0.2934566251791312,-0.2938003607023492,0.5970453696108325,0.5946443871534948
0.08,0.06344029752314918,0.06387093143989807,-0.30072316565354806,-0.3010549902475112,0.6069126814371713,0.6045059684784062
0.08125,0.06534039658615316,0.06577872888569514,-0.3080004042881397,-0.3083246913120318,0.6166089687318813,0.61412965201678
0.0825,0.0672725812650024,0.06771129038839853,-0.3152941400685862,-0.315606587774391,0.6259887395728894,0.6235066322831427
0.08375,0.0692221839306597,0.06966847001132334,-0.3225944676365966,-0.32289781778942334,0.6351839593693271,0.6326283267187722
0.085,0.0712036592023873,0.07165012189761955,-0.3299040380236997,-0.33019553412546715,0.644042301273194,0.6414863790952163
0.08625,0.07320230576824978,0.07365610027257823,-0.3372161824656133,-0.337496904501946,0.6527040626336055,0.6500726628251486
0.0875,0.07523241499821468,0.07568625944596852,-0.34452999940168094,-0.3447991119272503,0.661006264181091,0.6583792841775326
0.08875,0.07727951212148021,0.07774045381440253,-0.35184250146459867,-0.35209935503678985,0.6691021147367592,0.6663985853941407
0.09,0.07935759809304745,0.07981853786372853,-0.3591496102003949,-0.359394848431082,0.6768192521829,0.6741231477045646
0.09125,0.08145257942088194,0.08192036617145308,-0.36645127698835817,-0.36668282301375293,0.6843198893645912,0.6815457942369402
0.0925,0.08357815435039674,0.08404579340919062,-0.373740469538738,-0.3739605263293164,0.6914220940977108,0.6886595928216843
0.09375,0.08572029289964397,0.08619467434514165,-0.381020387852444,-0.3812252229006047,0.6982987177537083,0.6954578586856517
0.095,0.08789279392623578,0.0883668638465985,-0.38828058328758464,-0.3884741945657259,0.7047603906140423,0.7019341570341828
0.09625,0.09008182510790959,0.090562216882479,-0.3955278187153962,-0.3957047408144167,0.7109867448583362,0.7080823055186274
0.0975,0.09230042994691769,0.09278058852588662,-0.4027481278912193,-0.4029141791236696,0.7167836586442875,0.7138963765869981
0.09875,0.09453538030343643,0.09502183395669975,-0.40995176592173027,-0.41009984529250454,0.7223359206957863,0.719370699715516
0.1,0.09679985441131077,0.09728580846418615,-0.41712195552705084,-0.41725909377576575,0.7274442782224978,0.7244998635188955
0.10125,0.0990804215240834,0.09957236744964576,-0.42427144014459495,-0.42438929801681635,0.7323009384683855,0.7292787177373079
0.1025,0.10139000336177875,0.10188136642907951,-0.4313806133085048,-0.4314878507790111,0.7367000594410383,0.7337023750980614
0.10375,0.10371546992329803,0.10421266103588582,-0.43846569042693045,-0.4385521644758233,0.740840561911064,0.7377662130501303
0.105,0.10606962951260032,0.10656610702358146,-0.4455034684134783,-0.44557967149950656,0.7445137158994807,0.7414658753697496
0.10625,0.10843935474755956,0.10894156026855147,-0.45251352457615857,-0.45256782454817296,0.7479207224357277,0.7447972736354112
0.1075,0.11083752813635969,0.11133887677282292,-0.45946978961213175,-0.45951409695116413,0.7508494421223906,0.7477565885706685
0.10875,0.11325109009916633,0.1137579126668653,-0.46639447961464053,-0.4664159829926036,0.7535083248425138,0.7503402712532723
0.11,0.11569267456001014,0.11619852421241791,-0.4732595017262029,-0.47327099823300733,0.7556793309009744,0.7525450441892472
0.11125,0.1181494348033332,0.11866056780534054,-0.48008976841204376,-0.48007667982884084,0.7575759372812688,0.7543679022506249
0.1125,0.12063385096127263,0.12114389997849156,-0.4868526279851659,-0.4868305868499057,0.7589767914042111,0.7558061134756362
0.11375,0.12313325331717165,0.12364837740463046,-0.4935774285484022,-0.49353030059444264,0.7601002869242813,0.756857219730287
0.115,0.12565990826589996,0.12617385689934538,-0.5002292900262315,-0.5001734249018353,0.7607221766938344,0.7575190372303022
0.11625,0.12820124284729015,0.12872019542400623,-0.506839907728241,-0.5067575864628082,0.7610626139256401,0.7577896569225757
0.1175,0.13076968103106598,0.13128725008874145,-0.5133712496155537,-0.5132804351270022,0.7608974523943497,0.7576674447252989
0.11875,0.1333525231278837,0.13387487815544075,-0.5198573603913496,-0.5197396442078205,0.7604490253805899,0.7571510416261091
0.12,0.1359620169088076,0.13648293704078068,-0.5262587924032377,-0.526132910784436,0.7594912318380181,0.7562393636376377
0.12125,0.1385857649575866,0.13911128431927647,-0.5326123224447432,-0.5324579560008532,0.7582494334474612,0.7549316016099841
0.1225,0.1412358355729096,0.14175977772635578,-0.5388745658250661,-0.5387125253619144,0.7564962420376423,0.753227220899702
0.12375,0.14389994722806498,0.1444282751614579,-0.5450855657456402,-0.5448943890261506,0.7544583517562231,0.7511259608950316
0.125,0.1465898930113664,0.14711663469115618,-0.5512001020291413,-0.5510013420953667,0.7519083364032361,0.7486278343971495
0.12625,0.1492938023565596,0.14982471455230403,-0.5572590969861165,-0.5570312049008608,0.7490740989999309,0.745733126857377
0.1275,0.15202315145626827,0.1525523731552043,-0.5632173267945109,-0.5629818232861769,0.7457292262259048,0.7424423954703179
0.12875,0.15476628282676236,0.15529946908680226,-0.5691166869080446,-0.5688510688862864,0.7421002147721529,0.738756468123063
0.13,0.15753440290648346,0.1580658611139008,-0.5749091827801681,-0.5746368394031013,0.737963815012854,0.7346764422006289
0.13125,0.16031609464793986,0.1608514081863999,-0.5806402540010107,-0.5803370588772205,0.733545725036488,0.730203683247963
0.1325,0.1631225801306599,0.1636559694405576,-0.5862589078683152,-0.5859496779558091,0.7286227654240478,0.7253398234888881
0.13375,0.16594236635694515,0.16647940420227406,-0.5918140982218262,-0.5914726741565193,0.7234207176346055,0.7200867602025025
0.135,0.16878649804367651,0.16932157199039818,-0.597250625610784,-0.5969040521273531,0.7177184843199991,0.7144466539576113
0.13625,0.17164376875241247,0.17218233252005624,-0.6026215492999142,-0.6022418439023779,0.711740943757884,0.708421926705884
0.1375,0.17452505012959169,0.17506154570600277,-0.6078684267568274,-0.6074841091531974,0.7052714084656386,0.7020152597345359
0.13875,0.1774192983313241,0.177959071665993,-0.6130465543821272,-0.6126289354360903,0.6985296762340345,0.6952295914793791
0.14,0.1803370742192949,0.18087477072417762,-0.6180962380428039,-0.6176744384347282,0.6913024024486734,0.6880681151992571
0.14125,0.18326766110294662,0.1838085034145187,-0.623074471855154,-0.6226187621983789,0.6838086835635017,0.680534276512899
0.1425,0.18622161766148723,0.18676013048422752,-0.6279191670979112,-0.6274600793755128,0.6758384520134557,0.6726317707993617
0.14375,0.18918794159084276,0.18972951289722254,-0.6326910129156437,-0.6321965914427254,0.6676069904135447,0.6643645404633194
0.145,0.19217726293722562,0.1927165118376098,-0.6373233056287125,-0.6368265289288864,0.6589104262187699,0.6557367720665264
0.14625,0.19517887221225322,0.195720988713184,-0.6418798601029785,-0.641348151634443,0.6499583999027401,0.6467528933269016
0.1475,0.19820314578553777,0.1987428051589492,-0.6462939580798787,-0.6457597488457818,0.6405522876111673,0.6374175699867317
0.14875,0.20123946706947626,0.2017818230406615,-0.6506293706885019,-0.650059639544581,0.6308978655175742,0.6277357025516288
0.15,0.20429802219441817,0.2048379044583919,-0.6548171505528153,-0.6542461726120652,0.6208029022444044,0.6177124229019064
0.15125,0.20736859061962348,0.2079109117501084,-0.6589242856414744,-0.6583177270280897,0.6104664465434381,0.6073530907781777
0.1525,0.21046090350169405,0.21100070749527972,-0.6628802212520822,-0.6622727120649752,0.5997038347466732,0.5966632901430184
0.15375,0.21356501929322574,0.21410715451849774,-0.66675260942328,-0.6661095674760188,0.5887078569608992,0.5856488254206598
0.155,0.21669060462224443,0.2172301158931207,-0.6704702787641877,-0.6698267636786105,0.5773010596117067,0.5743157176167237
0.15625,0.2198277759952395,0.220369454944935,-0.6741021700903228,-0.6734228019318764,0.5656697927932895,0.5626702003200963
0.1575,0.22298603540870654,0.2235250352558376,-0.6775757765813729,-0.6768962145087827,0.5536430524510066,0.5507187155891753
0.15875,0.22615571638011814,0.2266967206675368,-0.6809615013189261,-0.680245564862632,0.5414018968404031,0.5384679097246794
0.16,0.22934615481945475,0.22988437528527306,-0.6841846105520385,-0.6834694477878813,0.528783060745503,0.5259246289314259
0.16125,0.2325477753262375,0.23308786348155708,-0.6873185193679838,-0.6865664895752126,0.515959386761904,0.5130959148714522
0.1625,0.23576976140078895,0.2363070498999295,-0.6902848405374794,-0.6895353481607984,0.502776503999452,0.49998900011096303
0.16375,0.23900281729070907,0.23954179945873677,-0.6931608758889207,-0.6923747132696911,0.48939898454472297,0.48661130346368875
0.165,0.24225585666938895,0.24279197735492614,-0.6958671834078782,-0.6950833065532822,0.47568143447265615,0.4729704252332585
0.16625,0.24551981236254097,0.24605744906786037,-0.6984804562526731,-0.6976598817207595,0.4617812172388767,0.45907414235727106
0.1675,0.24880337994133433,0.24933808036314817,-0.7009208799173691,-0.7001032246645129,0.44756123575490014,0.44493040345585566
0.16875,0.2520976161961866,0.2526337372964955,-0.7032664997554823,-0.7024121535794305,0.43316962054891445,0.43054732378751304
0.17,0.25541118214237785,0.2559442862175722,-0.705435958081978,-0.7045855190760181,0.4184786990659707,0.41593318011513425
0.17125,0.25873519007799595,0.259269593773898,-0.7075085985035492,-0.7066222042873039,0.4036277301793858,0.40109640548515735
0.1725,0.26207822550460974,0.2626095269147452,-0.7094037580208866,-0.7085211249694597,0.38850111105575014,0.3860455839228374
0.17375,0.2654315393076093,0.26596395289505953,-0.7112003137151168,-0.7102812295960997,0.3732266919610118,0.3707894450467144
0.175,0.2688034329755304,0.26933273927939705,-0.71281548864296,-0.711901499446194,0.3576984832761115,0.3553368586053782
0.17625,0.27218544031555764,0.2727157539458799,-0.7143308846864266,-0.7133809486855606,0.3420354483275176,0.3396968289397222
0.1775,0.27558576023979836,0.27611286509016675,-0.715662982106062,-0.7147186244418794,0.32614212720197916,0.3238784893738753
0.17875,0.27899597762540373,0.2795239412294423,-0.7168936080282519,-0.7159136068731887,0.3101272511677971,0.3078910965381034
0.18,0.28242416625578803,0.2829488512064218,-0.7179384970015819,-0.716965009229814,0.293905987063824,0.29174402462699334
0.18125,0.28586198928628487,0.28638746419337285,-0.7188819567563457,-0.7178719779096953,0.2775766797183329,0.27544675959625664
0.1825,0.2893175412338419,0.28983964969615256,-0.7196361616679035,-0.7186336925070586,0.26106561965488917,0.2590088933015995
0.18375,0.2927825070058155,0.29330527755826247,-0.7202869342167462,-0.7192493658544105,0.2444603130859732,0.2424401175830475
0.185,0.2962648179426077,0.29678421796491794,-0.7207484971170469,-0.719718244057795,0.22769846418863376,0.2257502182982538
0.18625,0.2997564832676875,0.3002763414471343,-0.7211041302849619,-0.7200396065253013,0.21085646477841488,0.20894906930828405
0.1875,0.3032650862890922,0.30378151888582805,-0.7212694020693441,-0.7202127659887633,0.19388343422162288,0.19204662641944914
0.18875,0.3067828353449608,0.3072996215159342,-0.7213283410140936,-0.720237068518638,0.17684451903040907,0.17505292128472405
0.19,0.3103172364836377,0.3108305209305384,-0.7211938905328084,-0.7201118935320167,0.1597007432334727,0.15797805526843867
0.19125,0.31386057733993356,0.31437408908502545,-0.7209528630149146,-0.7198366537937438,0.14250549713873228,0.14083219327781293
0.1925,0.31742015218915504,0.3179301983012408,-0.7205173373438203,-0.7194107954106211,0.1252316610969626,0.12362555756506133
0.19375,0.32098857370971734,0.32149872127166956,-0.7199739917828519,-0.7188337978186551,0.10792111062090665,0.10636842150368864
0.195,0.32457292331265075,0.325079531063628,-0.7192349533258665,-0.7181051737633329,0.09055852065992387,0.0890711033427678
0.19625,0.32816588256990076,0.3286725011234717,-0.7183881110158232,-0.7172244692729087,0.07317407977862153,0.07174395994285732
0.1975,0.33177456446566783,0.33227750528081595,-0.7173433270107457,-0.716191263624656,0.05576422081263027,0.05439738049735965
0.19875,0.33539155323341435,0.3358944177527729,-0.7161901049694187,-0.7150051693040912,0.038347508074569846,0.037041780243022515
0.2,0.33902392984767493,0.33952311314820105,-0.7148386861018885,-0.7136658319571251,0.020932366682030988,0.01968759416342003
0.20125,0.34266451177597584,0.3431634664719694,-0.7133788270112705,-0.7121729303351442,0.003525280867663789,0.002345270689138701
0.2025,0.3463200504387941,0.3468153531292361,-0.711718734418775,-0.7105261762329927,-0.013853242110108814,-0.014974734601514328
0.20375,0.34998378110254175,0.3504786489297394,-0.7099493378019484,-0.708725314419845,-0.031208730110619684,-0.03226196527750602
0.205,0.35366205543062146,0.35415323009210437,-0.7079810773731485,-0.7067701225629536,-0.048508682202513274,-0.04950597034195603
0.20625,0.35734826088085553,0.35783897324816044,-0.7059017255439425,-0.7046604111442617,-0.06577061277743694,-0.06669631050711722
0.2075,0.3610487990226256,0.3615357554472739,-0.7036238452180138,-0.7023960233698767,-0.08295006775067304,-0.08382256445368519
0.20875,0.3647570796477704,0.36524345416069426,-0.7012351082123545,-0.6999768350723763,-0.10007653946925095,-0.10087433507060872
0.21,0.36847936130066555,0.36896194728591125,-0.6986459882708476,-0.6974027546059658,-0.11709372155595589,-0.11784125567164416
0.21125,0.3722092250976105,0.3726911131510268,-0.6959472807449387,-0.694673722734459,-0.13404318726856754,-0.134712996184863
0.2125,0.3759527601500003,0.37643083051913917,-0.6930474737290706,-0.6917897125120922,-0.1508567315643103,-0.151479269311384
0.21375,0.3797036321087516,0.3801809785927383,-0.690037802129246,-0.6887507291571648,-0.16758766774300296,-0.16812983664952696
0.215,0.3834680298244676,0.3839414370181169,-0.6868277439488427,-0.685556809918497,-0.18415651810707248,-0.18465451478068928
0.21625,0.3872395612579174,0.38771208588978945,-0.6835072015802154,-0.6822080239347212,-0.2006282428280832,-0.2010431813132456
0.2175,0.3910241521984523,0.3914928057549266,-0.6799871925611098,-0.678704472086394,-0.2169116237276304,-0.21728578088071515
0.21875,0.3948158153836132,0.3952834776178017,-0.6763563611227451,-0.6750462868409397,-0.2330835992105624,-0.23337233109059596
0.22,0.3986200764091816,0.3990839829442464,-0.6725262788019764,-0.671233632090425,-0.24904159141647975,-0.24929292842012885
0.22125,0.40243164625990463,0.4028942036661201,-0.6685862509842231,-0.6672667029821816,-0.2648740517902361,-0.26503775405548424
0.2225,0.40625520009294736,0.40671402218579145,-0.6644473316545411,-0.6631457257422652,-0.2804671620678899,-0.2805970796706312
0.22375,0.41008555743492303,0.41054332138062993,-0.6601990762268952,-0.658870957491784,-0.2959209773449703,-0.2959612731424812
0.225,0.41392862625161925,0.4143819846075085,-0.6557516960245373,-0.6544426860560836,-0.31111066939323606,-0.3111208041986373
0.22625,0.4177774960927202,0.4182298957073197,-0.6511960716856187,-0.6498612297668186,-0.326147425110592,-0.32606624999433365
0.2275,0.42163829244424095,0.42208693900950056,-0.6464417008950643,-0.6451269372569125,-0.34089595435644365,-0.3407883006150989
0.22875,0.42550631788774934,0.4259529993365683,-0.6415798834350883,-0.6402401872484282,-0.3554782318176801,-0.3552777645017038
0.23,0.42938534447134385,0.4298279620086689,-0.6365207249317444,-0.6352013883333618,-0.36974870414126526,-0.3695255737939753
0.23125,0.4332704383415616,0.4337117128481349,-0.6313543923848566,-0.6300109787473707,-0.38383995089969414,-0.38352278959027686
0.2325,0.43716657409143994,0.43760413818405275,-0.6259922780105156,-0.6246694261364718,-0.3975968602283902,-0.39726060711915423
0.23375,0.44106871310861023,0.4415051248568428,-0.6205229502295364,-0.6191772273167162,-0.41116184357917324,-0.41073036082013914
0.235,0.4449827342591642,0.44541456022284787,-0.61485947637637,-0.6135349080268604,-0.4243698186959475,-0.4239235293302599
0.23625,0.44890219850786145,0.449332332158932,-0.6090892614737006,-0.607743022674068,-0.43737350734004565,-0.4368317403734281
0.2375,0.45283208990514046,0.4532583290670908,-0.60312655156198,-0.6018021540726649,-0.44999975976105633,-0.4494467755492053
0.23875,0.4567679896621584,0.4571924398790676,-0.5970584418617589,-0.5957129131759545,-0.46241029150578794,-0.46176057501834933
0.24,0.4607143463949466,0.46113455406098575,-0.590799375228962,-0.589475938801152,-0.47442110148305094,-0.4737652420817966
0.24125,0.46466573446517906,0.46508456161798406,-0.5844354307331414,-0.5830918973474372,-0.4862060056766743,-0.4854530476503385
0.2425,0.46862770318489005,0.4690423530988652,-0.5778822445151464,-0.5765614825071765,-0.49757223738214057,-0.49681643460212044
0.24375,0.472595344890343,0.4730078196007528,-0.5712250792247884,-0.569885414970319,-0.5087005652518846,-0.5078480220250761
0.245,0.4765723239607614,0.47698085277375735,-0.5643810966873068,-0.5630644421220377,-0.519391396431313,-0.5185406093416667
0.24625,0.48055462027313767,0.48096134482565134,-0.5574338261184572,-0.556099337733609,-0.5298354784477036,-0.5288871803130668
0.2475,0.48454680102476466,0.4849491885265532,-0.5503020002225326,-0.5489909016465921,-0.5398232249452009,-0.5388809069204328
0.24875,0.48854338456040186,0.488944277213621,-0.5430687276133334,-0.5417399594503297,-0.549554465726397,-0.5485151531204764
0.25,0.49255028321079103,0.4929465047957521,-0.5356519420701209,-0.5343473621528211,-0.5588122376006592,-0.5577834784729987
0.25125,0.4965613736723941,0.49695576575829514,-0.5281350758588065,-0.5268139858449788,-0.5678045216742807,-0.5666796416379256
0.2525,0.5005819193527313,0.5009719551677678,-0.5204367610891086,-0.519140731358351,-0.5763088069556349,-0.5751976037395252
0.25375,0.5046062108914408,0.5049949686765826,-0.5126405444714912,-0.511328523916303,-0.5845375963086661,-0.5833315315955474
0.255,0.5086404981757382,0.5090247025277841,-0.5046649531474205,-0.5033783127787377,-0.5922640295758492,-0.5910758008090227
0.25625,0.5126791285896689,0.5130610535597895,-0.4965922778530633,-0.49529107088037705,-0.5997074094436489,-0.5984249987207875
0.2575,0.5167262161027598,0.5171039192111407,-0.4883436692072482,-0.48706779446265175,-0.6066340700814515,-0.6053739272203558
0.25875,0.520777750049405,0.5211531975252629,-0.4799986552400559,-0.4787095026992451,-0.6132704240783399,-0.6119176054136588
0.26,0.5248377636474746,0.5252087871552313,-0.4714806178746238,-0.4702172373153449,-0.6193783182181353,-0.6180512721452445
0.26125,0.5289016351377461,0.5292705873685439,-0.4628680558690024,-0.4615920622006423,-0.6251888550513982,-0.6237703883735222
0.2625,0.532973864060719,0.5333384980519049,-0.45408478705615485,-0.4528350630161169,-0.6304584344832529,-0.6290706393971348
0.26375,0.5370499916154682,0.5374124197160107,-0.44520885897643586,-0.4439473467946866,-0.6354258020998756,-0.6339479369308094
0.265,0.5411343209195448,0.5414922535003487,-0.43616513185587025,-0.4349300415357369,-0.639841904345804,-0.6383984210293079
0.26625,0.5452221152699268,0.5455779011779976,-0.42703032582378786,-0.42578429579360727,-0.6439496743511754,-0.6424184618576305
0.2675,0.5493178902119465,0.5496692651604398,-0.41772998412880025,-0.41651127826007056,-0.6474979574753374,-0.6460046613065415
0.26875,0.5534173018884783,0.5537662485023757,-0.4083406592426121,-0.40711217734087646,-0.6507332169348227,-0.6491538544515834
0.27,0.5575240154062375,0.5578687549065503,-0.3987901687259689,-0.39758820072638784,-0.6534001017691656,-0.6518631108548476
0.27125,0.5616345831787366,0.5619766887285809,-0.389151016847871,-0.3879405749563945,-0.6557502368584124,-0.6541297357080182
0.2725,0.5657516816505185,0.5660899549817943,-0.37935362387146004,-0.3781705449791244,-0.6575258600768094,-0.6559512708156561
0.27375,0.5698729908483164,0.5702084593420707,-0.369470262989792,-0.36827937370456043,-0.6589817972963545,-0.6573254954179575
0.275,0.5740006597846831,0.5743321081526925,-0.3594316894167859,-0.35826834155205173,-0.6598571322038856,-0.6582504268518079
0.27625,0.5781316446314129,0.5784608084291999,-0.34930901724814994,-0.3481387459923514,-0.6604093153824162,-0.6587243210496041
0.2775,0.5822700004311483,0.582594467864253,-0.3390345046390719,-0.3378919010840814,-0.6603776608848941,-0.6587456728748364
0.27875,0.5864107205811866,0.5867329948324983,-0.3286776875167439,-0.3275291370047156,-0.6600211104578221,-0.6583132162941112
0.28,0.5905581976806443,0.5908762983954435,-0.3181725270004587,-0.3170517995761364,-0.6590766847315382,-0.6574259243847607
0.28125,0.5947092504052524,0.5950242883063358,-0.3075870786005772,-0.3064612497848185,-0.657807183170742,-0.6560830091778485
0.2825,0.598866004487806,0.5991768750150461,-0.29685667647944874,-0.2957588632967127,-0.6559482142249494,-0.6542839213359457
0.28375,0.6030250334390973,0.6033339696729615,-0.2860480129451514,-0.284946029966883,-0.6537628435596982,-0.6520283496656702
0.285,0.6071911292515706,0.6074954841378787,-0.27509802722666526,-0.2740241533439721,-0.6509874116768106,-0.6493162204644705
0.28625,0.6113597421877509,0.6116613309789066,-0.26407183339065765,-0.2629946501695449,-0.6478857908888711,-0.6461476967019593
0.2875,0.6155342594522569,0.6158314234813708,-0.25290798141851994,-0.25185894987239177,-0.6441950669137859,-0.6425231770351729
0.28875,0.6197108238803788,0.6200056756517279,-0.2416699004177853,-0.24061849405783772,-0.6401782374042411,-0.638443294658444
0.29,0.6238938891805952,0.6241840022224786,-0.23029800683658225,-0.22927473599214734,-0.6355754910730829,-0.6339089159876892
0.29125,0.6280792468093666,0.6283663186570917,-0.21885394495768087,-0.21782914008206944,-0.6306477047421405,-0.628921139179397
0.2925,0.6322692327447923,0.6325525411549283,-0.20727980088047368,-0.20628318134960005,-0.625136154598565,-0.6234812924844988
0.29375,0.6364620180709767,0.6367425866561737,-0.1956355744580052,-0.19463834490203238,-0.6193025109474547,-0.6175909324379347
0.295,0.6406601591962163,0.6409363728467719,-0.1838652610455468,-0.18289612539737263,-0.6128890694374137,-0.6112518418838562
0.29625,0.6448604580639169,0.6451338181633669,-0.1720270843458396,-0.17105802650513863,-0.606156637414778,-0.6044660278375176
0.2975,0.6490656209458098,0.6493348417982451,-0.16006656364907434,-0.15912556036269498,-0.5988494068434663,-0.59723571918407
0.29875,0.6532731583628992,0.6535393637042864,-0.14804029375482053,-0.14710024702712995,-0.5912264547643635,-0.5895633642153513
0.3,0.6574853560963085,0.657747304599914,-0.13589569147311395,-0.13498361392274785,-0.5830360568377696,-0.5814516280052828
0.30125,0.661699678835021,0.6619585859740542,-0.12368755985377222,-0.12277719528428442,-0.5745339084763342,-0.5729033896248836
0.3025,0.6659177932641268,0.6661731300910957,-0.11136506357402204,-0.11048253159589055,-0.5654711345669153,-0.5639217391975819
0.30375,0.6701386110549942,0.6703908599958551,-0.0989811957102741,-0.09810116902594358,-0.556101828929205,-0.5545099747963036
0.305,0.6743632598208447,0.6746116995185459,-0.08648706292531823,-0.0856346588577995,-0.5461804081258157,-0.5446715991831184
0.30625,0.6785905712088822,0.678835573279751,-0.07393372607788108,-0.07308455691649333,-0.5359572940137729,-0.5344103163927656
0.3075,0.6828211337604594,0.6830624066953976,-0.06127414794645359,-0.0604524229915333,-0.5251931669199268,-0.5237300281614523
0.30875,0.687054150871397,0.6872921259817398,-0.048557658069650164,-0.04773982025580653,-0.5141320715823123,-0.5126348302018897
0.31,0.69129043296823,0.6915246581603386,-0.03573889613024041,-0.03494831468068872,-0.5025411685630295,-0.5011290083264868
0.31125,0.6955283817501533,0.6957599310630512,-0.022865487332314673,-0.02207947444743227,-0.49065996475340007,-0.4892170344197524
0.3125,0.6997706991239439,0.6999978733370197,-0.009893915475889317,-0.009134869354882757,-0.4782596590700042,-0.47690356226173947
0.31375,0.7040147602970191,0.7042384144496642,0.0031300945014597,0.0038839297763466757,-0.46557690040175337,-0.46419342320409385
0.315,0.7082615393817044,0.7084814846936803,0.016248191921853235,0.016975351703258982,-0.45238743867571873,-0.45109162170015793
0.31625,0.7125100295285164,0.7127270151920381,0.02941646971269373,0.030137825363244383,-0.4389225219753364,-0.43760333069141666
0.3175,0.7167617752038223,0.7169749379029828,0.04267475114651574,0.04336978048025324,-0.4249653150911457,-0.4237338868514797
0.31875,0.7210148936572888,0.7212251856250429,0.05598101775992851,0.056669648174226796,-0.4107395700664851,-0.4094887856898026
0.32,0.7252719631219843,0.725477692002037,0.06937322603653524,0.07003586157377686,-0.39603598832030656,-0.3948736765173635
0.32125,0.7295302329491413,0.7297323915280843,0.08281113027364874,0.08346685643197234,-0.38107287362774106,-0.37989435727547516
0.3225,0.7337898442722856,0.7339892195526186,0.09633092986651186,0.09696107174523973,-0.36564683809020704,-0.3645567692307736
0.32375,0.7380519981813709,0.7382481122854051,0.109894260449677,0.11051695037523007,-0.3499696596862883,-0.348866991537534
0.325,0.7423168263525217,0.7425090068015571,0.12353538125518937,0.12413293967362593,-0.33384555347662936,-0.33283123567042594
0.32625,0.746582566071651,0.746771841046559,0.1372177953319685,0.1378074921098063,-0.3174794914010657,-0.3164558397290591
0.3275,0.7508515016648972,0.75103655384129,0.15097406929899052,0.15153906590129348,-0.3006829466616232,-0.2997472626169895
0.32875,0.7551216725402403,0.755303084887047,0.1647694130326949,0.1653261256469,-0.2836538875564586,-0.28271207809774523
0.33,0.7593930845176191,0.7595713747705761,0.17863460774413778,0.17916714296253453,-0.2662114456809546,-0.2653569687293498
0.33125,0.7636665007365624,0.7638413649691003,0.19253674756278297,0.19306059711957138,-0.24854628716636326,-0.24768871968083772
0.3325,0.7679414766992131,0.7681129978553525,0.20650477106949003,0.2070049756856978,-0.23048542022760568,-0.22971421243229884
0.33375,0.772218371059325,0.7723862167026094,0.22050752995589817,0.2209987751682253,-0.21221183709857236,-0.21144041836134875
0.335,0.7764966782096794,0.7766609656897285,0.2345724091998375,0.23504050165973117,-0.19356059915460902,-0.19287439221864133
0.33625,0.7807757870566596,0.7809371899061843,0.24866981759491844,0.24912867148599904,-0.17470707351135428,-0.17402326549424174
0.3375,0.78505715040259,0.7852148353571105,0.2628254967097701,0.26326181185617253,-0.15549427122265894,-0.15489423967818539
0.33875,0.7893395409677906,0.7894938489683381,0.2770116061209787,0.27743846151507434,-0.13608970062885486,-0.13549457941797982
0.34,0.7936234825467898,0.7937741785914425,0.29125220826960885,0.2916571713975841,-0.11634477171277927,-0.11583160557441374
0.34125,0.7979083123940104,0.798055773008786,0.30552124398517333,0.3059165052850574,-0.09641869692890456,-0.09591268817965215
0.3425,0.8021947907390115,0.8023385819385634,0.3198410170531423,0.3202150404636719,-0.07617143964404618,-0.07574523929972088
0.34375,0.8064817492289973,0.8066225560398527,0.33418722076258034,0.33455136838465666,-0.05575361607328854,-0.05533670580376793
0.345,0.8107705184475686,0.8109076469176616,0.3485804323169957,0.34892409532635627,-0.03503408793153414,-0.03469456204342691
0.34625,0.8150597634461703,0.8151938071279802,0.3629980789497716,0.3633318430580145,-0.014154916089948765,-0.013826302444726934
0.3475,0.8193507311467769,0.8194809901828307,0.37745932742641986,0.37777324950527413,0.007006727085334913,0.007260565985291123
0.34875,0.8236421789923684,0.8237691505553237,0.3919429696404989,0.39224696941726617,0.028317027288723328,0.02855853123361385
0.35,0.8279347086191602,0.8280582436847088,0.4064667266385281,0.4067516750352983,0.04989035889526155,0.05006008393561956
0.35125,0.8322281156017871,0.8323482259814347,0.421010946905775,0.4212860567630014,0.07160142065829522,0.0717577251063517
0.3525,0.8365222544417694,0.8366390548322015,0.4355918083825548,0.435848823837915,0.0935562123256795,0.09364397394566026
0.35375,0.8408165169554599,0.8409306886050215,0.4501917704365314,0.4504387050044992,0.11563779625694269,0.11571137571422696
0.355,0.8451125501856541,0.8452230866542763,0.4648250074265039,0.4650544491883667,0.13794384885297753,0.1379525096784846
0.35625,0.8494087034520943,0.8495162093257779,0.4794751734629529,0.4796948261718636,0.1603660031164659,0.1603599971207359
0.3575,0.8537060541710266,0.8538100179618264,0.4941553021038787,0.49435862727079005,0.18299339632508133,0.18292650941333477
0.35875,0.8580037948258855,0.8581044749062768,0.5088511009011991,0.5090446660122812,0.20572632829336893,0.20564477615198484
0.36,0.8623021771290422,0.8623995435095951,0.52357403253386,0.5237517788137912,0.22864583823546933,0.22850759334750137
0.36125,0.866600998837609,0.8666951881339254,0.5383104678948186,0.5384788256630576,0.25166028000393714,0.2515078316731092
0.3625,0.8709001988422242,0.8709913741581518,0.5530710299170016,0.5532246907990823,0.27484308283300557,0.2746384447630703
0.36375,0.8752005795670059,0.8752880679829641,0.5678433957649508,0.5679882833940246,0.2981105433793171,0.29789247756201576
0.365,0.8795002829963625,0.879585237035921,0.5826371751363799,0.5827685382359732,0.32152830538016103,0.3212630747215144
0.36625,0.8838012166153691,0.8838828497765184,0.5974418580850221,0.5975644164125334,0.34502084773075814,0.34474348904126373
0.3675,0.8881026914887221,0.8881808757012529,0.6122653500323827,0.61237490599517,0.36864642863090064,0.36832708995268604
0.36875,0.8924042303814059,0.8924792853486913,0.627098534048377,0.6271990227242896,0.3923370726726022,0.39200737204248526
0.37,0.8967064094674028,0.8967780503045336,0.6419458122390883,0.6420358106950085,0.4161438069000179,0.41577796361343644
0.37125,0.9010083004664087,0.9010771432066864,0.6568029275587265,0.6568843430435566,0.4400068764649593,0.4396326352803044
0.3725,0.9053107821892443,0.9053765377503251,0.6716728213051963,0.6717437226342101,0.46397027961246096,0.4635653085994136
0.37375,0.9096134268703777,0.9096762086929683,0.6865491290492524,0.6866130827468442,0.48798022695274273,0.48757006472698095
0.375,0.9139161370258272,0.9139761318595407,0.7014373565215201,0.701491587764951,0.5120752320428466,0.5116411531076892
0.37625,0.9182200497262153,0.9182762841474468,0.7163301705232585,0.7163784338641211,0.5362084281774377,0.5357730001877599
0.3775,0.9225229650345218,0.9225766435316387,0.7312331853980764,0.7312728497009492,0.5604131833391067,0.5599602181537193
0.37875,0.9268268486352139,0.9268771890696846,0.7461399660089473,0.7461740971023287,0.5846479431381552,0.5841976136919698
0.38,0.9311306442093255,0.9311779009068415,0.7610552235351419,0.7610814717551113,0.6089413841330537,0.6084801967688236
0.38125,0.9354345278100175,0.935478760281123,0.77597278234448,0.7759943038960336,0.6332576240596647,0.6328031894291257
0.3825,0.939738323384129,0.9397797495283708,0.7908967792066289,0.7909119590020267,0.6576192241703809,0.6571620346112468
0.38375,0.9440427351443041,0.9440808520873252,0.8058229745705078,0.805833838480644,0.6819974735346455,0.681552404975946
0.385,0.9483460025589325,0.9483820525046956,0.8207539817082322,0.8207593803608291,0.7064103056056565,0.7059702117492179
0.38625,0.9526518227443959,0.9526833364402314,0.8356850741326619,0.8356880599838229,0.7308335114648422,0.7304116135766208
0.3875,0.9569536817337363,0.9569846906717935,0.850620729760284,0.8506193906942515,0.7552826404589893,0.7548730253864164
0.38875,0.9612595019191994,0.9612861031004235,0.8655565231587372,0.8655529245313498,0.779735385835408,0.7793511272625437
0.39,0.9655649947330823,0.9655875627554186,0.8804939071177922,0.8804882529203506,0.8042053596715953,0.8038428733248111
0.39125,0.9698671810940032,0.9698890597993974,0.8954320294993446,0.8954250073639113,0.8286761957352241,0.8283455006135227
0.3925,0.9741730012794664,0.9741905855333771,0.9103708567718692,0.9103628601336698,0.8531561177307727,0.8528565379818929
0.39375,0.9784770609333193,0.9784921324018399,0.9253098291046873,0.9253015249618313,0.8776335532349717,0.8773738149897099
0.395,0.9827806804542699,0.9827936939978081,0.9402492825419954,0.9402407577328942,0.9021144120527023,0.901895470801378
0.39625,0.9870865006397332,0.9870952650679122,0.9551874523050503,0.9551803571752621,0.9265893179176136,0.926419963086687
0.3975,0.9913883596290735,0.991396841517465,0.9701259041702835,0.9701201655530446,0.9510651701118795,0.9509460769221505
0.39875,0.9956941798145368,0.995698420415531,0.9850633114556169,0.9850600693577256,0.9755327825126058,0.9754729336934815
0.4,1.0,1.0,1.0,1.0,1.0,1.0
